"incident_id","operation_name","operation_color","incident_title","date","date_sort_value","strike_type","confirmed","origin_lat","origin_lng","origin_label","origin_sublabel","target_lat","target_lng","target_label","target_sublabel","summary","assessment","platform_or_unit","munitions_weapons","munitions_quantity","range_km","target_type","target_depth_hardening","military_kia_friendly","military_kia_enemy","civilian_kia","military_wia_friendly","personnel_deployed","aircraft_deployed","naval_vessels","result_outcome","nuclear_setback_assessment","economic_impact","intercepted_munitions","key_intelligence_notes","osint_sources","press_sources","think_tank_sources","tags","badge_colors","is_retaliation","is_covert","is_first_use","disputed"
"mh-fordow","Op. Midnight Hammer","#29b6f6","GBU-57 MOP Strike: Fordow Nuclear Facility","June 2025","0","bomber","TRUE","-7.32","72.42","Diego Garcia BIOT","B-2 Spirit launch base","34.88","50.5","Fordow Fuel Enrichment Plant","~90m underground Qom Province","Seven B-2 Spirit stealth bombers flew round-trip from Diego Garcia carrying GBU-57 Massive Ordnance Penetrators — the only weapon capable of penetrating Fordow's deep underground bunker buried ~80–90m inside a mountain near Qom. 52 tanker aircraft required for aerial refueling support. Twelve MOPs required vs. two at Natanz reflecting extreme hardening. Iran pre-evacuated 440.9 kg enriched uranium including 408.9 kg at 60%-enriched (~9 weapons worth).","Fordow was specifically designed to survive conventional bunker-busters. The GBU-57 MOP was developed precisely for this mission. The pre-strike evacuation of uranium indicates Iran had advance warning or a prepared contingency. NBC News later assessed only Fordow was definitively destroyed of the three primary nuclear targets.","B-2 Spirit stealth bomber","GBU-57 MOP (Massive Ordnance Penetrator)","12","11000","Nuclear enrichment facility","80–90m underground inside mountain","0","0","0","0","","7","0","Facility destroyed","1–2 years (Pentagon); months (IAEA); many years (Israeli AEC)","","","440.9 kg uranium evacuated pre-strike incl. 408.9 kg 60%-enriched (~9 weapons worth); 52 tanker aircraft required; first MOP combat use; NBC News assessed only Fordow definitively destroyed","Oliver Alexander (OSINT) — F-22 deployment 4-day warning|https://twitter.com/OAlexanderDK; MATA — 100+ tankers 200+ cargo tracked|https://twitter.com/MT_Anderson","The War Zone|https://www.thedrive.com/the-war-zone; Air & Space Forces Magazine|https://www.airandspaceforces.com; CNN (satellite imagery)|https://www.cnn.com","CSIS|https://www.csis.org; FDD|https://www.fdd.org","MOP FIRST USE; NUCLEAR STRIKE; B-2 SPIRIT; GBU-57; DIEGO GARCIA","gold;red;blue;blue;blue","FALSE","FALSE","TRUE","FALSE"
"mh-natanz","Op. Midnight Hammer","#29b6f6","GBU-57 Strike: Natanz Enrichment Complex","June 2025","1","bomber","TRUE","-7.32","72.42","Diego Garcia BIOT","B-2 Spirit launch base","33.72","51.73","Natanz Underground Enrichment","Isfahan Province Iran","Secondary MOP strike on Natanz. Two MOPs deployed vs. 12 at Fordow reflecting shallower burial depth (~8m). Natanz houses thousands of IR-1 IR-4 IR-6 centrifuges. NBC News assessed destruction as partial and effectiveness disputed.","NBC News found that of the three primary targets, only Fordow was definitively destroyed. Two MOPs vs. twelve at Fordow suggests planners underestimated the hardened underground halls.","B-2 Spirit stealth bomber","GBU-57 MOP","2","11000","Nuclear enrichment facility","~8m underground reinforced concrete","0","0","0","0","","7","0","Partial destruction — effectiveness disputed","","","","Natanz under IAEA safeguards with cameras and monitoring","Oliver Alexander (OSINT)|https://twitter.com/OAlexanderDK; MATA|https://twitter.com/MT_Anderson","NBC News (assessment: only Fordow destroyed)|https://www.nbcnews.com; The War Zone|https://www.thedrive.com/the-war-zone","Arms Control Association|https://www.armscontrol.org; Arms Control Wonk|https://www.armscontrolwonk.com","NATANZ; CENTRIFUGE HALLS; B-2 SPIRIT; PARTIAL EFFECT","blue;blue;blue;red","FALSE","FALSE","FALSE","TRUE"
"mh-isfahan","Op. Midnight Hammer","#29b6f6","Tomahawk Barrage: Isfahan Nuclear Complex","June 2025","2","missile","FALSE","25.8","57.0","US Navy Persian Gulf / Gulf of Oman","Arleigh Burke-class destroyers","32.65","51.67","Isfahan Nuclear Technology Centre","Isfahan Province Iran","Tomahawk TLAM barrage (24+) on Isfahan nuclear research facilities including uranium conversion and fuel fabrication. IAEA later found Iran had secretly stored enriched uranium under the Isfahan site — a hidden cache not declared to inspectors before the strikes.","The hidden uranium discovery raises questions about the completeness of Iran's declaration. Pre-strike IAEA assessment did not account for this cache.","Arleigh Burke-class destroyer","BGM-109 Tomahawk TLAM Block IV/V","24+","1600","Nuclear research and conversion facility","Surface / shallow","0","0","0","0","","0","13+","Partial destruction","","","","IAEA found hidden enriched uranium under Isfahan (Haaretz Feb 27 2026); hidden cache not declared to inspectors","","Haaretz (IAEA Isfahan hidden uranium)|https://www.haaretz.com; CNN|https://www.cnn.com","Arms Control Association|https://www.armscontrol.org","TOMAHAWK; TLAM; HIDDEN CACHE; IAEA","blue;blue;red;gold","FALSE","FALSE","FALSE","FALSE"
"tdw-campaign","12-Day War (IDF)","#ce93d8","IDF 12-Day Air Campaign: Iran","June 2025","3","fighter","TRUE","31.9","34.8","Israel Multiple IAF Bases","Nevatim, Ramon, Tel Nof AFBs","35.68","51.39","Tehran & Iranian Military Targets","IRGC, C2, TEL sites, air defense","Israel's most expansive offensive air campaign since 1973. 1400+ sorties over 12 days. F-35I Adir as primary platform for stealth penetration of Iranian air defenses. Opening salvo simultaneously eliminated 40 senior IRGC commanders. 120 Iranian TELs destroyed eliminating primary ballistic missile delivery capacity.","The F-35I's low-observable design allowed penetration of Iranian S-300 defenses. Destroying 120 TELs in opening phases effectively eliminated Iran's near-term retaliatory ballistic missile capability. Simultaneous decapitation of 40 commanders unprecedented in modern warfare.","F-35I Adir / F-15I Ra'am / F-16I Sufa","Mixed (JDAM; SDB; Spice; Rampage)","1400+ sorties","1000+","IRGC C2, TEL sites, air defense, leadership","Surface and underground","0","40+ senior commanders killed","0","0","","1400+ sorties","0","120 TELs destroyed; 40 commanders killed; S-300 batteries neutralized","","","","S-300 batteries unable to track F-35I at combat altitude","","Aviation Week / Defense.info|https://aviationweek.com; Fox News|https://www.foxnews.com","FPRI|https://www.fpri.org; Arms Control Wonk|https://www.armscontrolwonk.com","F-35I ADIR; 1400+ SORTIES; 120 TELS; 40 COMMANDERS","purple;blue;red;red","FALSE","FALSE","FALSE","FALSE"
"tdw-hezbollah","12-Day War (IDF)","#ce93d8","IDF Preemptive Strikes: Hezbollah Lebanon","June 2025","4","fighter","TRUE","31.9","34.8","Israel IAF Northern Command","Ramat David, Haifa area","33.55","35.6","Hezbollah Positions Southern Lebanon","Bekaa Valley, southern suburb launches","IDF preemptive suppression strikes against Hezbollah missile and rocket infrastructure after Hezbollah declared readiness to respond to US-Israeli strikes on Iran. IDF prioritized launcher sites weapons storage and command nodes.","Preemption over absorption of mass rocket barrage on Israeli cities. Strikes focused on launcher sites rather than leadership — consistent with lessons from prior conflicts about distributed guerrilla organizations.","F-16I Sufa / F-15I Ra'am","Mixed (PGMs; guided bombs)","Multiple sorties","","Hezbollah missile/rocket infrastructure","Surface","0","Unknown","0","0","","","","Hezbollah launch capability suppressed","","","","Hezbollah had publicly declared readiness to respond to US-Israeli attacks on Iran","","Fox News|https://www.foxnews.com; Times of Israel|https://www.timesofisrael.com","Soufan Center|https://thesoufancenter.org","HEZBOLLAH; LEBANON; PREEMPTIVE; IAF","red;red;gold;purple","FALSE","FALSE","FALSE","FALSE"
"cia-vzla","Op. Absolute Resolve","#66bb6a","CIA Covert Drone Strike: Venezuela","Dec 29 2025","32","drone","FALSE","19.5","-72.5","CIA Caribbean Platform Classified","Covert action — platform undisclosed","10.48","-66.9","Caracas Venezuela","Venezuelan intelligence/military leadership","Classified CIA covert action drone strike on Venezuelan military and intelligence leadership in Caracas. Precursor kinetic action before the main Op. Absolute Resolve SOF assault. Targeted Venezuelan state security apparatus to degrade response capability during the Maduro capture window.","Pattern of pre-raid shaping to create ""confusion at the top"" and prevent coordinated Venezuelan military response during Maduro capture window.","CIA armed drone (type classified)","Precision munitions (classified)","Classified","","Military/intelligence leadership","Surface — building","0","Unknown","0","0","","1","0","Leadership degraded — precursor to SOF raid","","","","","@MT_Anderson (X/Twitter)|https://twitter.com/MT_Anderson","CNN|https://www.cnn.com","CFR|https://www.cfr.org","CIA COVERT; DRONE STRIKE; DEC 29 2025; PRE-CURSOR OP","red;blue;gold;orange","FALSE","TRUE","FALSE","FALSE"
"ocean-trader","Op. Absolute Resolve","#66bb6a","MV Ocean Trader: SOF Mothership Staging","Dec 2025","33","naval","TRUE","18.5","-73.5","MV Ocean Trader converted civilian vessel","OSINT-tracked via ESA Sentinel-2","10.9","-64.7","Venezuelan Caribbean Coast","SOF launch/recovery area","MV Ocean Trader — converted civilian cargo vessel serving as classified SOF maritime staging platform — tracked via ESA Sentinel-2 commercial satellite imagery by OSINT analysts. USS Lake Erie (Ticonderoga-class CG-70) escorted vessel ~200nm off Venezuelan coast. SOF helicopters later observed departing for the Caracas raid.","The Sentinel-2 detection demonstrates that free commercial 10m-resolution satellite imagery combined with AIS gap analysis can expose classified SOF mothership operations. Operational security for future similar missions must account for ubiquitous commercial satellite coverage.","MV Ocean Trader (SOF mothership); USS Lake Erie (CG-70)","N/A","0","","Maritime staging / forward operating base","N/A","0","0","0","0","","0","2","SOF forward staging established","","","","Detected by ESA Sentinel-2 (free commercial satellite); @MT_Anderson and The Iceman (Substack) identified vessel publicly before operation commenced; SOF helicopters observed flying over Caracas during raid","@MT_Anderson (X/Twitter)|https://twitter.com/MT_Anderson; The Iceman (Substack)|https://iceman.substack.com; ESA Sentinel-2|https://sentinel.esa.int/web/sentinel/missions/sentinel-2","Maritime Executive|https://maritime-executive.com","","SOF MOTHERSHIP; OSINT TRACKED; SENTINEL-2; USS LAKE ERIE","green;gold;blue;blue","FALSE","TRUE","FALSE","FALSE"
"abs-resolve","Op. Absolute Resolve","#66bb6a","Op. Absolute Resolve: Maduro Captured","January 2026","45","sof","TRUE","14.5","-75.0","MV Ocean Trader + Forward Staging","~150nm Caribbean staging","10.48","-66.9","Caracas Presidential/Military Compound","Target: Nicolás Maduro","SOF raid on Caracas via helicopters from MV Ocean Trader. Maduro captured and taken into US custody. 47 Venezuelan soldiers killed; 32 Cuban military personnel (colonels to captains ages 26–60) killed — a significant blow to Cuba's military footprint in Venezuela. Zero US casualties. Cyber effects integrated with kinetic operation.","Most significant decapitation operation since Bin Laden. Cuba's loss of 32 officers represents a strategic blow to its military advisory presence embedded in Maduro's security apparatus. Cyber integration consistent with modern US doctrine.","Special Operations Forces (unit classified)","Small arms; precision munitions; helicopter insertion","","","Presidential compound / military HQ","Surface — urban","0","47 VZ soldiers; 32 Cuban officers (colonels to captains)","0","0","15000","150+","0","Maduro CAPTURED","","Brent crude impact; regional political destabilization","","32 Cuban officers ages 26–60 spanned ranks colonel to captain; cyber effects integrated; SOF helicopters observed flying over Caracas","@MT_Anderson (X/Twitter)|https://twitter.com/MT_Anderson","Breaking Defense|https://breakingdefense.com; NBC News|https://www.nbcnews.com; Military.com|https://www.military.com","CSIS|https://www.csis.org; Brookings|https://www.brookings.edu","MADURO CAPTURED; SOF OPERATION; 32 CUBAN KIA; 0 US KIA; CYBER+KINETIC","gold;green;red;green;blue","FALSE","FALSE","FALSE","FALSE"
"southern-spear","Op. Southern Spear","#4db6ac","Op. Southern Spear: 150-Aircraft Air Campaign","January 2026","46","fighter","TRUE","15.0","-68.0","US Caribbean Carrier Strike Group + Bases","USS CARRIER + SOUTHCOM assets","8.5","-65.5","Venezuela Multiple Military Targets","FANB bases, air defense, C2 nodes","Broader air campaign accompanying Absolute Resolve. 150+ aircraft striking Venezuelan Armed Forces (FANB) infrastructure simultaneously with SOF assault on Caracas. Largest US military action in Western Hemisphere in decades. Cyber component integrated targeting electrical grid and communications.","Multi-domain campaign — air, ground SOF, naval interdiction, and cyber — executed simultaneously. Deliberately disproportionate force to ensure overwhelming superiority and minimize US casualties.","Mixed carrier air wing + land-based aircraft","Mixed (PGMs; cruise missiles; JDAM)","Multiple","","FANB air defense / C2 / naval bases / airports","Surface — multiple","0","Unknown","0","0","15000","150+","Multiple","FANB infrastructure degraded","","","","15000 US troops in theater; cyber effects on electrical grid and communications; Venezuelan naval vessels interdicted","","CFR|https://www.cfr.org; ABC News|https://abcnews.go.com","Brookings|https://www.brookings.edu","150 AIRCRAFT; 15K PERSONNEL; MULTI-DOMAIN; WESTERN HEMISPHERE","blue;blue;gold;gold","FALSE","FALSE","FALSE","FALSE"
"buildup","Op. Epic Fury","#ffa726","OSINT: Pre-Epic Fury Military Buildup Detected","Feb 2026","62","intel","FALSE","36.0","-95.0","CONUS US Bases / Carrier Ports","US military pre-deployment","26.5","55.0","Middle East Theater","Persian Gulf, Red Sea, Diego Garcia","Open-source analysts detected the pre-Epic Fury buildup weeks in advance. MATA tracked 100+ tankers and 200+ cargo planes to Middle East. Oliver Alexander identified F-22 deployments and issued 4-day warning. WaPo documented buildup Feb 24 2026. Largest Middle East force in decades per Military Times.","ADS-B receivers and commercial satellites made the buildup visible globally before the first strike. Even F-22 stealth aircraft deployments left exploitable indicators. Future US operations must factor in adversaries likely having comparable warning time.","Multiple services — pre-deployment phase","N/A — buildup phase","0","","Multiple bases across Middle East","N/A","0","0","0","0","150000+","150+","13","Pre-strike buildup detected and publicly reported 4 days prior","","","","100+ tankers tracked; 200+ cargo flights tracked; F-22 deployment patterns identified; largest Middle East force in decades","MATA (Military Air Tracking Alliance)|https://twitter.com/MT_Anderson; Oliver Alexander (OSINT)|https://twitter.com/OAlexanderDK; @MT_Anderson (X/Twitter)|https://twitter.com/MT_Anderson","Washington Post (Feb 24 2026)|https://www.washingtonpost.com; Military Times|https://www.militarytimes.com","Middle East Forum|https://www.meforum.org","OSINT VISIBLE; 4-DAY WARNING; 100+ TANKERS; MATA TRACKING","gold;orange;blue;blue","FALSE","FALSE","FALSE","FALSE"
"ef-main","Op. Epic Fury","#ffa726","Op. Epic Fury: Opening Strike Package","Feb 28 2026","65","bomber","TRUE","-7.32","72.42","Diego Garcia + Naval Gulf/Red Sea","B-2s + 13 Arleigh Burke destroyers","35.0","51.0","Iran — Military & Nuclear Infrastructure","900+ strikes in first 12 hours","Follow-on campaign to Midnight Hammer. 900+ strikes in first 12 hours — largest US air campaign since 2003 Iraq invasion. Target set: IRGC command; ballistic missile infrastructure; naval assets; air defense; leadership. B-2s from Diego Garcia + 13 Arleigh Burke destroyers. Weapons: GBU-57; TLAM; PrSM; HIMARS; JDAM; SDB. 555+ Iranian civilians killed (Iranian Red Crescent). 3 US KIA from Iranian counter-strike in Kuwait.","900 strikes on day one eclipsed Desert Storm's opening phase. Simultaneous targeting of nuclear remnants, IRGC command, ballistic missile infrastructure, and leadership in a single package represents a true effects-based campaign design.","B-2 Spirit + Arleigh Burke DDG + HIMARS + F-15E + F-35","GBU-57 MOP; BGM-109 Tomahawk; PrSM; JDAM; SDB; HIMARS GMLRS","900+ strikes in 12hrs","Various — up to 11000","Nuclear remnants; IRGC; ballistic missile infrastructure; naval; leadership","Mixed surface and underground","3 KIA + 5 WIA (Kuwait — Iran counter)","Unknown","555+ (Iranian Red Crescent)","5","150000","150+","13","Nuclear/military infrastructure degraded; 3 US KIA from Iranian counter","1–2 years (Pentagon); months (IAEA)","Brent crude +9% → $79.45; intraday +12–13%; war-risk insurance +50%","708 total (in GCC separate engagement)","UNSC emergency meeting convened; MATA tracked 100+ tankers 200+ cargo pre-positioned; Oliver Alexander 4-day F-22 warning","MATA|https://twitter.com/MT_Anderson; Oliver Alexander (OSINT)|https://twitter.com/OAlexanderDK; Washington Post (Feb 24 2026 buildup)|https://www.washingtonpost.com","The War Zone|https://www.thedrive.com/the-war-zone; Aerospace Global News|https://aerospacedefensenews.com; Air & Space Forces Magazine|https://www.airandspaceforces.com; FDD Action|https://www.fdd.org","CSIS|https://www.csis.org; FDD|https://www.fdd.org; Stimson Center|https://www.stimson.org; Critical Threats (AEI/ISW)|https://www.criticalthreats.org","900 STRIKES/12HR; EPIC FURY D1; B-2+NAVAL; 3 US KIA","red;gold;blue;red","FALSE","FALSE","FALSE","FALSE"
"ef-prsm","Op. Epic Fury","#ffa726","PrSM Combat Debut: Kuwait → Iran","Feb 28 2026","66","missile","TRUE","29.5","47.6","US Army HIMARS/M270 Kuwait","PrSM Precision Strike Missile launchers","32.4","50.5","Western Iran — Military Targets","IRGC bases, missile storage","PrSM (Precision Strike Missile) made its combat debut launched from US Army HIMARS and M270 platforms in Kuwait. Successor to ATACMS with range 499+ km. GPS/INS/terminal seeker guidance. Mach 6+ terminal velocity. Generational leap in US ground-based precision strike. Demonstrates long-range fires capability to China and North Korea.","PrSM combat debut demonstrates US Army long-range fires capability to China and North Korea. Kuwait launch proves pre-positioned ground forces can supplement naval/air precision strike.","M270A2 MLRS + HIMARS","PrSM (Precision Strike Missile)","Classified","499+","IRGC bases / missile storage","Surface","0","0","0","0","","0","0","IRGC targets struck — first PrSM combat use","","","","First combat use of PrSM; demonstrates US Army long-range fires capability to China and North Korea; manufactured by Lockheed Martin","","The War Zone|https://www.thedrive.com/the-war-zone","","PrSM DEBUT; COMBAT FIRST; HIMARS; KUWAIT; 499KM RANGE","gold;orange;blue;blue;green","FALSE","FALSE","TRUE","FALSE"
"ef-nawab","Op. Epic Fury","#ffa726","Tomahawk Saturation: 13 Destroyers","Feb 28 2026","67","missile","TRUE","26.5","56.0","US Navy Strait of Hormuz / Persian Gulf","13 Arleigh Burke-class destroyers","33.5","48.5","Iranian Military Targets Multiple","IRGC, C2, missiles, air defense","Tomahawk saturation from 13 Arleigh Burke DDGs. Each carries up to 96 TLAMs (theoretical max ~1248 total). Largest TLAM volley since Operation Iraqi Freedom 2003. Targets: IRGC Quds Force bases; missile production; air defense; C2 nodes.","Sheer volume of Tomahawk fire created a saturation challenge for Iranian air defenses, which had already been significantly degraded by the IDF 12-day campaign.","Arleigh Burke-class DDG (×13)","BGM-109 Tomahawk Block IV/V","Up to 1248 capacity","1600–1800","C2, missile production, air defense, IRGCN","Surface","0","0","0","0","","0","13","Iranian military infrastructure degraded","","","","Each Arleigh Burke carries up to 96 Tomahawks in VLS; 13 ships = ~1248 theoretical capacity; largest TLAM volley since OIF 2003","","Military Times|https://www.militarytimes.com; The War Zone|https://www.thedrive.com/the-war-zone; Gulf News|https://gulfnews.com","","13 DESTROYERS; TOMAHAWK; VLS SATURATION; LARGEST SINCE 2003","blue;blue;orange;gold","FALSE","FALSE","FALSE","FALSE"
"ef-minab","Op. Epic Fury","#ffa726","Minab Strike — Worst Single Incident (148 Killed)","Feb–Mar 2026","70","nuke","FALSE","26.8","57.5","Origin disputed","Attribution contested","27.09","57.05","Minab Hormozgan Province Iran","148 civilians killed","Strike on Minab resulted in 148 deaths — single deadliest incident of the entire campaign. Total Iranian civilian casualties: 555+ (Iranian Red Crescent). Cited at emergency UN Security Council meeting. Attribution contested — US/Israel deny deliberate civilian targeting.","Whether the strike resulted from GPS drift, intelligence failure, or deliberate targeting remains disputed. The incident became the focal point for international condemnation and underscores the challenge of precision strikes in densely populated coastal areas.","Unknown — disputed","","Unknown","","Civilian area (school)","Surface","0","0","148","0","","","","148 civilians killed; worst single incident","","Brent crude impact","","Attribution contested — US/Israel deny deliberate civilian targeting; GPS drift or intelligence failure possible","","Air & Space Forces Magazine|https://www.airandspaceforces.com; UNSC Security Council Report|https://www.un.org/securitycouncil","","148 KILLED; CIVILIAN STRIKE; 555+ TOTAL CIVN; DISPUTED","red;red;red;gold","TRUE","FALSE","FALSE","TRUE"
"rl-khamenei","Op. Roaring Lion","#ffd54f","Op. Roaring Lion: Khamenei Eliminated","Feb 28 2026","65","sof","TRUE","32.5","36.0","CIA / Mossad Joint Intelligence Operation","Months of tracking — location classified","35.65","51.4","Tehran — Underground Bunker","Supreme Leader Ali Khamenei","CIA and Mossad joint operation to eliminate Iranian Supreme Leader Khamenei. CIA tracked him for months. He hid in underground bunker; officials meeting him were required to do so blindfolded to prevent disclosure of location. CIA penetration of security apparatus enabled precise location. Killed by precision airstrike Feb 28 2026. Triggered Iranian regime crisis and emergency UNSC session.","Khamenei's killing — Supreme Leader since 1989 — creates a succession crisis with no clear mechanism. CIA penetration of his security apparatus despite blindfolded-official protocols represents one of the most significant intelligence coups since Bin Laden.","CIA + Mossad (joint) — airstrike","Precision airstrike (type classified)","1","","Underground bunker — VIP HQ","Deep underground, extreme hardening","0","1 (Ayatollah Khamenei — Supreme Leader of Iran)","0","0","","1","0","Khamenei KILLED — Iranian regime crisis triggered","","","","Iranian regime crisis post-kill; succession crisis — Guardian Council must select new Supreme Leader; Emergency UNSC session; officials met Khamenei blindfolded to prevent location disclosure","","CNN|https://www.cnn.com; The Week India|https://www.theweek.in; Geo.tv|https://www.geo.tv; The Word 360|https://theword360.com","","KHAMENEI KILLED; CIA+MOSSAD; SUPREME LEADER; REGIME CRISIS","red;gold;red;orange","FALSE","TRUE","FALSE","FALSE"
"rl-commanders","Op. Roaring Lion","#ffd54f","Opening Salvo: 40 Senior IRGC Commanders Killed","Feb 28 2026","65","fighter","TRUE","31.9","35.0","Israel + US Coordinated Strike","Air + intelligence convergence","35.5","51.1","Tehran + IRGC Command Nodes","C2 HQs, residences, safe houses","40 senior IRGC commanders eliminated simultaneously in opening salvo of Epic Fury / Roaring Lion. Largest single military leadership decapitation in modern warfare history. Simultaneous execution prevented warning spreading between targets.","Surpasses 18 Iraqi leaders killed in the opening hours of OIF. Required months of pre-positioned intelligence. Simultaneous execution was crucial — any warning would have allowed dispersion.","US + Israeli air assets (coordinated)","Precision airstrikes (PGMs)","40+ simultaneous","","Command and control / leadership residences","Surface — multiple urban locations","0","40 senior IRGC commanders","0","0","","Multiple","0","40 senior commanders killed — IRGC command chain decapitated","","","","Most senior commanders killed simultaneously; surpasses 18 Iraqi leaders killed in opening hours of OIF; months of pre-positioned intelligence required","","Armed Forces Press|https://armedforcespress.com","Stimson Center|https://www.stimson.org","40 COMMANDERS; SIMULTANEOUS; OPENING SALVO; UNPRECEDENTED","red;gold;gold;gold","FALSE","FALSE","FALSE","FALSE"
"ir-gcc","Iran Retaliation","#ef5350","Iranian Barrage: UAE & Saudi Arabia — 708 Intercepted","March 2026","82","retaliation","TRUE","31.5","50.8","Iran — Missile/Drone Launch Sites","IRGC Aerospace Force","24.4","54.0","UAE + Saudi Arabia","Critical infrastructure targets","Largest Iranian retaliatory strike: 165 ballistic missiles + 2 cruise missiles + 541 drones fired at UAE and Saudi Arabia. GCC air defenses (Patriot PAC-3; THAAD; Arrow-3; Iron Dome; Tor M1) claimed full intercept. Largest air defense battle in recorded history.","708 munitions in a single engagement tests layered air defense with overwhelming volume — a tactic refined watching Russian drone warfare in Ukraine. The cost-exchange problem: Shahed-136 ~$20k vs Patriot PAC-3 ~$4M — attacker has strong economic advantage.","IRGC Aerospace Force","Ballistic missiles (Shahab/Qiam type); cruise missiles; Shahed-type drones","165 BM + 2 CM + 541 drones = 708 total","Various","Critical infrastructure — UAE and Saudi Arabia","Surface","0","0","0 (all intercepted)","0","","0","0","All munitions intercepted (claimed)","","Brent crude +9% → $79.45; intraday +12–13%","708 total intercepted (165 BM + 2 CM + 541 drones)","Largest air defense engagement in history; Shahed-136 costs ~$20000; Patriot PAC-3 costs ~$4M — cost-exchange asymmetry favors attacker","","Breaking Defense|https://breakingdefense.com; CNBC|https://www.cnbc.com","CFR|https://www.cfr.org","165 BALLISTIC MISSILES; 541 DRONES; ALL INTERCEPTED; LARGEST EVER","red;red;green;gold","TRUE","FALSE","FALSE","FALSE"
"ir-hormuz","Iran Retaliation","#ef5350","Hormuz Crisis: -70% Tanker Traffic Collapse","March 2026","85","naval","TRUE","27.3","56.5","IRGCN / Iran — Bandar Abbas","Mining + missile threat","26.6","56.3","Strait of Hormuz","Global oil chokepoint","Iran threatened Strait of Hormuz via IRGCN fast-boat harassment; mine-laying; anti-ship missile threats. Tanker traffic collapsed 70%. 150+ ships anchored outside strait. Brent crude +9% to $79.45 (intraday +12-13%). War-risk insurance +50%. Qatar LNG facilities struck; production halted.","Worst global energy disruption since 1973 Arab oil embargo. Unlike prior Hormuz threats, active war context made the threat credible enough to collapse transits. Fertilizer impact creates downstream food price ripple 6–12 months later.","IRGCN fast boats + mine-laying assets + anti-ship missiles","Mines; anti-ship missiles; fast-attack craft","Ongoing","","Shipping lanes — Strait of Hormuz","N/A — naval/maritime","0","0","0","0","","0","Multiple IRGCN vessels","De-facto blockade — tanker traffic -70%","","-70% tanker traffic; 150+ ships anchored outside Hormuz; Brent crude +9% → $79.45; intraday +12–13%; war-risk insurance +50%; Qatar LNG halted","","20% global petroleum transits Hormuz; 33% global fertilizer trade transits Hormuz; Qatar LNG hit halts key European alternative supply","","CNBC|https://www.cnbc.com; FreightWaves|https://www.freightwaves.com","The Conversation|https://theconversation.com","-70% TRAFFIC; 20% GLOBAL OIL; $79.45 BRENT; QATAR LNG HIT","red;orange;orange;red","TRUE","FALSE","FALSE","FALSE"
"ir-proxies","Iran Retaliation","#ef5350","Iran Proxy Network Activates: Iraq + Lebanon + Yemen","Feb–Mar 2026","80","retaliation","TRUE","33.3","44.4","Iran Proxy Network Iraq/Lebanon/Yemen","PMF, Hezbollah, Houthi","31.5","35.5","Regional US/Israeli Targets","Bases, shipping, Israeli cities","Iran activated full proxy network simultaneously: Iraqi PMF; Lebanese Hezbollah; Yemeni Houthi declared readiness to respond to US-Israeli strikes. Three-front simultaneous activation — Iran's asymmetric deterrent answer to losing conventional military exchange.","Iran's proxy network is its primary insurance policy — a distributed asymmetric threat that survived the killing of Khamenei and destruction of the IRGC. The three-front activation represents Iran's strategic answer to losing the conventional exchange.","PMF Iraq + Hezbollah Lebanon + Houthi Yemen (all Iran-backed)","Mixed — rockets; missiles; drones; naval mines","Multiple ongoing","","US bases / Israeli cities / shipping lanes","Various","0","Unknown","Unknown","0","","0","0","3-front proxy activation — US/Israeli forces threatened across region","","","","Iraqi PMF threatens US bases in Iraq/Kuwait/Jordan; Hezbollah poses mass rocket threat to Israeli cities; Houthi activates Bab el-Mandeb","","Fox News|https://www.foxnews.com","Soufan Center|https://thesoufancenter.org; Chatham House|https://www.chathamhouse.org","3-FRONT PROXY; PMF IRAQ; HEZBOLLAH; HOUTHI; ASYMMETRIC","red;orange;red;pink;gold","TRUE","FALSE","FALSE","FALSE"
"ir-houthi","Houthi / Proxies","#f06292","Houthi Red Sea Activation: New Attack Warning","2025–2026","50","missile","FALSE","15.36","44.19","Yemen — Houthi-Controlled Territory","Saada + Hodeidah launch sites","14.5","42.5","Red Sea Shipping Lanes","Global commercial shipping","Iran-backed Houthi forces warned of new Red Sea attacks in response to US-Israeli strikes on Iran. Previously disrupted global shipping via anti-ship missiles and drone attacks (80+ ships hit since Nov 2023). New activation threatened dual chokepoint — Hormuz + Bab el-Mandeb simultaneously.","Houthi Red Sea activation alongside Hormuz closure creates worst-case dual chokepoint. Cape of Good Hope rerouting adds 10–14 days and significant shipping costs.","Houthi (Ansar Allah) — Iran-backed","Anti-ship ballistic missiles (Mach 3); Shahed-type drones; naval mines","Multiple ongoing","","Commercial shipping — Red Sea","N/A — open ocean","0","Unknown","Unknown","0","","0","Multiple Houthi vessels","Ongoing threat — Red Sea traffic disrupted","","Rerouting via Cape of Good Hope adds 10–14 days to voyages; shipping cost spike; Bab el-Mandeb + Hormuz dual chokepoint created","","Prior campaign hit 80+ ships since Nov 2023; Houthi demonstrated resilience despite prior US strikes in Yemen","","FreightWaves|https://www.freightwaves.com","Soufan Center|https://thesoufancenter.org","RED SEA; HOUTHI; BAB EL-MANDEB; DUAL CHOKEPOINT","red;pink;red;red","TRUE","FALSE","FALSE","FALSE"
"scs-carrier","China SCS Operations","#ff5252","PLAN Carrier Strike Group: Spratlys Show-of-Force","Mar–Apr 2025","10","maritime","TRUE","20.0","110.35","Hainan Island — PLAN Yulin Naval Base","Sanya — Southern Theater Command HQ","11.5","114.5","Spratly Islands — Fiery Cross Reef","PLAN artificial island air/naval base","PLA Navy Shandong carrier strike group conducted extended operations in and around the Spratly Islands centered on Fiery Cross Reef. Demonstrated China's increasing ability to project naval power throughout the contested SCS and pressure Philippine and Vietnamese claimants simultaneously. J-15 carrier aircraft conducted air defense exercises over disputed maritime zones.","The Shandong CSG operation combined with the hardened Fiery Cross base creates a layered anti-access architecture that significantly complicates any US/Philippine military response. The J-15 exercises over the Spratlys asserted Chinese air dominance over disputed waters.","CV-17 Shandong (Type 001A) + 2× Type 055 + 4× Type 052D + 1× Type 093 SSN","J-15B carrier fighters + Z-9 ASW helicopters + ship-borne weapons systems","Multiple sorties","","Disputed maritime zone — Spratly Islands","N/A — power projection","0","0","0","0","","Multiple J-15B","7","~14 days extended operations; J-15 exercises over Spratlys; PHL BRP Jose Rizal + P-3C deployed in response","","","","Fiery Cross Reef: 3000m runway; hardened aircraft shelters; SAM systems; CDCM batteries; Shandong CSG combined with Fiery Cross base creates layered A2/AD architecture","CSIS AMTI (satellite surveillance)|https://amti.csis.org","USNI News|https://news.usni.org; Asia Times|https://asiatimes.com","CSIS AMTI|https://amti.csis.org","SHANDONG CSG; SPRATLYS; SHOW OF FORCE; FIERY CROSS","cyan;blue;orange;cyan","FALSE","FALSE","FALSE","FALSE"
"scs-scarborough","China SCS Operations","#ff5252","CCG Mass Blockade: Scarborough Shoal (Philippines)","May–Jun 2025","15","maritime","TRUE","21.5","114.0","China Coast Guard — Southern Theater","CMSLE fleet — Guangdong District","15.13","117.77","Scarborough Shoal (Bajo de Masinloc)","Philippine EEZ — 200nm from Luzon","China Coast Guard deployed up to 40 vessels simultaneously to enforce de-facto blockade of Scarborough Shoal. CCG vessels used water cannons, sound devices, and laser blinding against Philippine Coast Guard ships. Prevented Filipino fishermen from accessing traditional fishing grounds inside Philippine EEZ. 2016 PCA tribunal ruled China has no legal basis for claims.","Scarborough Shoal blockade represents China's ""salami slicing"" gray-zone strategy — incremental coercion below the threshold of armed conflict. Each iteration of harassment normalizes the next level of coercion. The US-Philippines Mutual Defense Treaty (MDT) technically covers Philippine armed forces but has been deliberately not invoked for CCG-on-PCG harassment.","China Coast Guard (CCG) — up to 40 vessels","Water cannons; sound devices; laser dazzlers; physical blockade","Up to 40 vessels simultaneously","","Maritime zone — Scarborough Shoal","N/A — gray-zone coercion","0","0","Multiple PCG sailors injured","","","0","40+","CCG blockade sustained; Filipino fishermen excluded; FONOPS conducted by USN","","Brent crude minimal impact; Philippine fisheries economic damage","","2016 PCA tribunal: China has NO legal basis for claims; blockade represents salami-slicing gray-zone strategy below armed conflict threshold; US-PHL MDT technically covers armed forces but not CCG-on-PCG harassment","CSIS AMTI (documentation)|https://amti.csis.org; @MT_Anderson|https://twitter.com/MT_Anderson","USNI News|https://news.usni.org; Benar News|https://www.benarnews.org","CSIS AMTI|https://amti.csis.org","40 CCG VESSELS; WATER CANNON; SCARBOROUGH SHOAL; GRAY-ZONE","red;orange;cyan;gold","FALSE","FALSE","FALSE","FALSE"
"scs-second-thomas","China SCS Operations","#ff5252","Second Thomas Shoal: Resupply Interdiction Escalates","Aug–Sep 2025","20","maritime","TRUE","17.0","116.5","China Coast Guard + PAFMM","People's Armed Forces Maritime Militia","9.73","115.52","Second Thomas Shoal (Ayungin Shoal)","BRP Sierra Madre — PHL military outpost","CCG and PAFMM conducted systematic interdiction of Philippine military resupply missions to BRP Sierra Madre — a deliberately grounded WWII-era ship serving as PHL military outpost. CCG used water cannons, sound devices, and in at least one incident directed-energy weapons. Philippine sailors injured. Shoal sits within Philippine EEZ and was ruled PHL sovereign territory by 2016 PCA tribunal.","Second Thomas Shoal has become the most kinetically active gray-zone flashpoint in Asia. China's willingness to use directed-energy weapons against Philippine sailors marks an escalation from prior water-cannon-only harassment. The BRP Sierra Madre is deliberately kept in deteriorating condition by the Philippines to maintain a permanent physical presence — replacing it would require a Chinese decision to allow or physically block the operation.","China Coast Guard (CCG) + PAFMM militia fishing vessels (100+)","Water cannons; sound devices; directed-energy weapon (DEW); physical ramming","Multiple ongoing resupply interdictions","","PHL military outpost — BRP Sierra Madre","N/A — gray-zone coercion","0","0","Multiple Filipino sailors injured","","","0","Multiple CCG + 100+ PAFMM militia","Ongoing interdiction — resupply missions harassed; BRP Sierra Madre deteriorating","","","","Second Thomas most kinetically active gray-zone flashpoint in Asia; DEW use marks escalation from water-cannon-only harassment; BRP Sierra Madre deliberately kept deteriorating to maintain physical presence","CSIS AMTI (incident tracker)|https://amti.csis.org; @MT_Anderson|https://twitter.com/MT_Anderson","Reuters|https://www.reuters.com; Foreign Policy|https://foreignpolicy.com","CSIS AMTI|https://amti.csis.org; Stimson Center|https://www.stimson.org","DEW ATTACK; BRP SIERRA MADRE; PAFMM; PHL EEZ; SECOND THOMAS","red;cyan;orange;blue;cyan","FALSE","FALSE","FALSE","FALSE"
"scs-fonops","China SCS Operations","#ff5252","USS [DDG] FONOP: China Intercepts with J-16 Fighter","Oct 2025","25","naval","TRUE","21.0","128.0","US Navy 7th Fleet","USS [DDG-class] — Freedom of Navigation","15.5","114.3","Spratly Islands — Disputed Waters","Within 12nm of PLA-constructed island","US Navy Arleigh Burke DDG conducted FONOP within 12nm of PLA-constructed artificial island asserting China's straight baselines are unlawful under UNCLOS. PLAAF J-16 Flanker-D fighters intercepted the destroyer conducting unsafe maneuvers at close distance. PLAAF has conducted 180+ unsafe intercepts of US and allied aircraft since 2021.","The J-16 intercept was one of ~180+ unsafe intercepts the PLA has conducted since 2021. Each FONOP is legally necessary to prevent China's claims from becoming accepted by acquiescence. The PLA's response escalation from protests to physical intercepts represents a concerning trend toward possible miscalculation.","Arleigh Burke-class DDG (US 7th Fleet)","Ship-borne weapons (defensive posture only)","","12nm","Freedom of navigation — disputed maritime zone","N/A","0","0","0","0","","0","1 DDG + J-16 intercept","FONOP completed; UNCLOS rights asserted","","","","180+ unsafe PLA intercepts of US/allied aircraft since 2021; FONOP legally necessary to prevent claims becoming accepted by acquiescence; J-16 conducted close unsafe maneuvers","CSIS AMTI|https://amti.csis.org","USNI News|https://news.usni.org; Defense News|https://www.defensenews.com","CSIS|https://www.csis.org","FONOP; J-16 INTERCEPT; UNCLOS; 7TH FLEET; UNSAFE INTERCEPT","blue;red;gold;blue;red","FALSE","FALSE","FALSE","FALSE"
"scs-island-build","China SCS Operations","#ff5252","PLA Island Upgrades: Mischief Reef Expansion","2025 Ongoing","5","island","TRUE","9.9","115.5","PLAN — Construction Vessels / Dredgers","Southern Theater Command","9.9","115.53","Mischief Reef Spratly Islands","PHL EEZ — 250km from Palawan","CSIS AMTI satellite monitoring confirmed continued expansion and hardening of PLA installations at Mischief Reef in 2025. Additional aircraft hangar construction; upgrade of missile launcher positions; deployment of additional coastal defense cruise missile (CDCM) batteries. Mischief Reef sits within Philippine EEZ 250km from Palawan. 2016 PCA tribunal ruled PLA occupation unlawful.","Mischief Reef's strategic position in the Philippine EEZ, combined with its hardened military infrastructure, creates a persistent forward-deployed threat to the Philippines that effectively negates Philippine sovereign rights over the feature and its surrounding waters. The missile systems deployed can threaten Philippine and US naval vessels throughout the western Philippines.","PLAN construction vessels + Southern Theater Command garrison","YJ-12B CDCM (400km range ASCM); HQ-9B SAM system; garrison weapons","Ongoing construction","","Artificial island military base — Philippine EEZ","Hardened above-surface installations","0","0","0","0","Garrison force","","Multiple construction vessels","Expanded military infrastructure — CDCM and SAM deployed","","","","3000m runway capable of fighter/bomber operations; YJ-12B can threaten PHL and US naval vessels throughout western Philippines","CSIS AMTI (Planet Labs satellite monitoring)|https://www.planet.com","CSIS AMTI|https://amti.csis.org; Planet Labs|https://www.planet.com","CSIS AMTI|https://amti.csis.org","MISCHIEF REEF; CDCM DEPLOYED; ILLEGAL OCCUPATION; PHL EEZ; YJ-12B","cyan;red;red;blue;orange","FALSE","FALSE","FALSE","FALSE"
"scs-taiwan-strait","China SCS Operations","#ff5252","PLAAF: 103-Aircraft Incursion — Taiwan ADIZ","Nov 2025","30","fighter","TRUE","24.5","118.6","PLAAF Eastern Theater — Fujian Province","Longtian, Shengtoushan airbases","24.2","121.5","Taiwan Air Defense Identification Zone","Record-breaking PLA incursion","PLAAF and PLAN aviation conducted record 103-aircraft incursion into Taiwan's ADIZ over 24 hours including H-6K nuclear-capable bombers, J-20 stealth fighters, J-16 strike fighters, and Y-8 ELINT. ROC Air Force scrambled 66 fighters. Timed to US preoccupation with Iran/Venezuela operations — deliberate signal probing US capacity for simultaneous contingency management.","The 103-aircraft incursion exceeded the prior record of 56 aircraft. Timing during US-Iran/Venezuela operations is a deliberate signal that China is probing US capacity to simultaneously manage a Taiwan contingency alongside active Middle East and Caribbean operations. H-6K inclusion is a direct nuclear signaling component.","PLAAF + PLAN aviation — H-6K bomber; J-20 stealth; J-16; Y-8 ELINT","Nuclear-capable H-6K bombs + conventional PGMs + ship-borne weapons","103 aircraft over 24 hours","Various","Taiwan Air Defense Identification Zone","N/A — air power demonstration","0","0","0","0","","103","0","Record ADIZ incursion; ROC scrambled 66 fighters; USS Ronald Reagan repositioned to Philippine Sea","","","","Timing during US-Iran/Venezuela operations is deliberate signal probing US capacity for simultaneous Taiwan contingency; H-6K inclusion is direct nuclear signaling; exceeds prior record of 56 aircraft","Taiwan MND (ADIZ tracker)|https://www.mnd.gov.tw","Reuters|https://www.reuters.com; Reuters|https://www.reuters.com; Defense News|https://www.defensenews.com","CSIS|https://www.csis.org; RAND|https://www.rand.org","103 AIRCRAFT; H-6K BOMBER; TAIWAN ADIZ; NUCLEAR SIGNAL; RECORD INCURSION","red;red;cyan;gold;red","FALSE","FALSE","FALSE","FALSE"
"gz-oct7-hamas","Op. Swords of Iron","#ab47bc","Hamas Gaza Assault: Oct 7 2023","Oct 7 2023","-60","sof","TRUE","31.52","34.46","Gaza Strip — Hamas stronghold","Al-Qassam Brigades","31.55","34.58","Israel — Southern Israel","Border communities","Hamas militants launched a surprise multi-pronged assault from Gaza into southern Israel on Oct 7, 2023, combining mass rocket fire with infantry infiltration via tunnels, motorcycles, and paragliders. Armed fighters overran several Israeli border towns and military posts, resulting in ~1,200 Israeli soldiers and civilians killed and ~240 taken hostage (Israeli figures). The attack included use of drones and anti-tank missiles. The breach of defenses prompted Israel to declare war and initiate a major ground and air offensive in Gaza. The operation revealed significant planning by Hamas and exposed failures in Israeli preparedness.","The Oct 7 attack exposed catastrophic failures in Israeli intelligence and border security despite decades of investment. Hamas demonstrated sophisticated multi-domain coordination — rockets, infantry, drones, tunnels — overwhelming the vaunted Gaza Division in hours. The scale of civilian casualties transformed Israeli strategic calculus from deterrence-focused to elimination-focused.","Hamas al-Qassam Brigades","122mm Grad rockets; RPG-7; AK-47; paragliders","100+","5","Mixed civilian-military area","0","Unknown","1200","0","Hundreds of militants","","0","0","Hamas gained temporary control of border areas and took hostages; Israel mobilized for major retaliation","","","","Intelligence failure in surprise attack; Hamas used civilian vehicles and drones; Israel later improved defenses","H.I. Sutton (analysis of Hamas drones)|https://www.hisutton.com; MAPA_Map (infiltration routes)|https://twitter.com/mapa_map","Reuters (Hamas assault kills 1,200 Oct7 2023)|https://www.reuters.com; AP News (hostage and casualty details)|https://apnews.com","CSIS (Middle East crisis report Oct 2023)|https://www.csis.org; IISS (Eurasia Monthly Nov 2023)|https://www.iiss.org","GAZA; ISRAEL; HAMAS; ROCKET; TERRORISM; GROUND ASSAULT; CIVILIAN CASUALTIES","red;blue;red;orange;red;gold;red","FALSE","FALSE","TRUE","FALSE"
"gz-jabalia-nov23","Op. Swords of Iron","#ab47bc","IDF Strike: Jabalia Refugee Camp (Nov 2023)","Nov 1 2023","-58","fighter","TRUE","31.21","35.01","Israel — Nevatim AFB","IAF F-16I Sufa","31.53","34.47","Gaza — Jabalia","Refugee camp (residential)","The Israeli Air Force struck Jabalia refugee camp in Gaza on Nov 1, 2023, targeting a Hamas command center inside multi-story buildings. IAF F-16I jets dropped GBU-39 small diameter bombs onto the sites. Palestinian officials said around 50 people were killed, including a senior Hamas commander. Israel said it was hitting Hamas infrastructure used for rocket launches. The high civilian toll drew condemnation from aid groups. The strike was framed as retaliation for Hamas attacks and a demonstration of Israel's intent to dismantle Hamas leadership.","The Jabalia strike exemplified the tension between precision targeting of Hamas leadership in dense urban environments and the resulting civilian toll. Use of SDB munitions in refugee camp settings drew international condemnation and fueled debates about proportionality in urban warfare.","IAF F-16I Sufa strike package","GBU-39 SDB precision bombs","Multiple","800","Residential area","0","0","1","49","0","0","2","0","Hamas infrastructure damaged; significant civilian casualties","","","","Use of bunker-busting SDB in urban area; entire families reported among dead; first use of this tactic in Gaza war","Bellingcat (geolocation & damage analysis)|https://www.bellingcat.com; Maxar (before-after imagery)|https://www.maxar.com","Reuters (Nov1 2023 strike kills ~50)|https://www.reuters.com; BBC News (strike report)|https://www.bbc.com","ICRC (Gaza conflict summary Nov2023)|https://www.icrc.org; IISS (Middle East security report)|https://www.iiss.org","GAZA; PALESTINE; ISRAEL; IAF F-16; JABALIA; CIVILIAN CASUALTIES; PRECISION STRIKE; WAR CRIME ALLEGATION","red;red;blue;purple;orange;red;blue;gold","TRUE","FALSE","FALSE","TRUE"
"ua-kursk-incursion","Russia-Ukraine War","#e53935","Ukrainian Assault: Sudzha (Kursk Front)","Aug 7–14 2024","-25","sof","TRUE","51.00","33.50","Ukraine — border crossing area","Sumy Oblast staging","51.19","35.27","Russia — Kursk region","Sudja town and border crossing","Ukrainian forces launched a surprise cross-border offensive into Russia's Kursk region on Aug 7–14 2024, seizing over 1,000 sq km including the town of Sudzha. The raid involved mechanized infantry and artillery, reportedly capturing ~100 Russian POWs. Kyiv said the operation aimed to push the front westward; Russia counterattacked in late 2024 to expel the incursion. This was the first major Ukrainian operation deep in pre-2022 Russian territory, altering battle lines and spurring Moscow to vow retaliation.","Ukraine's Kursk incursion was the first significant Ukrainian ground operation inside pre-2022 Russian territory, demonstrating operational surprise capability but ultimately unsustainable without reinforcement. Russia's subsequent recapture underscored the difficulty of holding territory deep in adversary rear areas.","Ukrainian Ground Forces","2S7 Pion artillery; BM-27 Uragan MLRS","Unknown","","Urban area","","Unknown","Unknown","0","0","Hundreds of troops","0","0","Ukrainian foothold established; largely retaken by Russia by 2025","","","","Open-source imagery tracked progress in Sudzha; Zelenskiy hailed the strike; Putin denounced it as provocation","A_Cheon (Twitter OSINT)|https://twitter.com/A_Cheon; Planet Labs (Sudzha imagery)|https://www.planet.com","Reuters (Ukraine advances into Kursk Aug14 2024 / Russia retakes Kursk Apr8 2025)|https://www.reuters.com","ISW (Ukraine campaign map Aug 2024)|https://www.understandingwar.org; IISS (Military Balance 2025)|https://www.iiss.org","UKRAINE; RUSSIA; KURSK; SUDZHA; GROUND ASSAULT; CROSS-BORDER","blue;red;orange;orange;gold;gold","FALSE","FALSE","FALSE","FALSE"
"ua-kursk-stormshadow","Russia-Ukraine War","#e53935","Ukraine Storm Shadow Strike: Kursk","Nov 20 2024","-15","missile","TRUE","49.84","24.03","Ukraine — Lviv region","Ukrainian Air Force","51.72","36.18","Russia — Kursk region","Military command facility","Ukraine fired a salvo of British Storm Shadow cruise missiles into Russia's Kursk region on Nov 20, 2024, striking deep Russian military infrastructure. Russian sources reported at least 14 large explosions near a command post. Kyiv said it targeted rear command centers to disrupt Russian operations. This followed Ukraine's first ATACMS launch a day earlier, signaling an escalation. Russia condemned the use of Western long-range missiles as a major escalation and reportedly raised its nuclear alert level.","The Storm Shadow strike marked the first combat use of UK-supplied cruise missiles against targets inside Russia. The escalation triggered Russian nuclear posture adjustments and set a precedent for Western long-range weapons employment that shaped subsequent US policy decisions.","Ukrainian Air Force","Storm Shadow / SCALP-EG cruise missile","12","500","Military installation","Hardened bunker","0","Unknown","0","0","0","Il-76 transport (missile pods)","0","Russian command post reportedly damaged; no confirmed casualties","Nuclear posture raised; strategic pressure on Russia increased","","","First combat use of UK Storm Shadow in Russian territory","Two Majors (Telegram missile debris)|https://t.me/twomajors; Planet Labs (impact imagery)|https://www.planet.com","Reuters (Storm Shadow strikes Kursk Nov 21 2024)|https://www.reuters.com; Al Jazeera (analysis)|https://www.aljazeera.com","IISS (Missile Warfare 2024)|https://www.iiss.org; CSIS (Ukraine strike reports)|https://www.csis.org","UKRAINE; RUSSIA; STORM SHADOW; CRUISE MISSILE; KURSK; ESCALATION","blue;red;cyan;blue;orange;gold","FALSE","FALSE","TRUE","FALSE"
"ir-damascus-embassy","Op. Northern Arrows","#ab47bc","Israeli Airstrike: Iranian Embassy (Damascus)","Apr 1 2024","-35","fighter","TRUE","31.21","35.01","Israel — Nevatim AFB","IAF F-15I Ra'am","33.51","36.29","Syria — Damascus","Iranian consulate/embassy annex","Israeli warplanes bombed Iran's diplomatic compound in Damascus on Apr 1, 2024, killing seven Iranian IRGC advisers (including three senior Quds Force commanders). The strike destroyed a consular building adjacent to Iran's embassy. Tehran condemned it as a terrorist act and vowed retaliation. Israel did not comment, but sources later indicated the operation was enabled by Israeli satellite and drone surveillance. This was Israel's first strike on Iran's main diplomatic mission in Damascus, significantly escalating Tehran's war posture.","","IAF F-15I Ra'am fighter squadron","GBU-39 SDB; Mk-84 bombs","Unknown","800","Diplomatic compound","Concrete (surface)","0","7","0","0","Unknown number of special forces support","4 (F-15I fighters)","0","Iranian consulate building destroyed; 7 IRGC generals killed; Hezbollah condemned and threatened reprisal","0 — Iranian nuclear programme unaffected","None","0","Satellite imagery confirms destruction; Reuters and Iran UN mission statements; unprecedented direct hit on Iran's embassy","Maxar (after-action satellite imagery)|https://www.maxar.com; H.I. Sutton (analysis of munitions)|https://www.hisutton.com","Reuters (Apr 2 2024)|https://www.reuters.com; BBC (Damascus strike report)|https://www.bbc.com; Times of Israel|https://www.timesofisrael.com","CSIS (Middle East security brief)|https://www.csis.org; IISS (regional conflicts report)|https://www.iiss.org","IRAN;ISRAEL;DIPLOMATIC FACILITY;F-15I;IRGC COMMANDER;TARGETED STRIKE;WAR CRIMES","purple;red;blue;blue;gold;red","TRUE","FALSE","TRUE","FALSE"
"ir-truepromise1","Op. Northern Arrows","#ab47bc","Iranian Salvo: Drones & Missiles at Israel (True Promise I)","Apr 13 2024","-34","missile","TRUE","35.69","51.39","Iran — Tehran (IRGC Bases)","IRGC Aerospace Force","31.77","34.65","Israel — Central plains","Air defense battery & military base","Iran launched a coordinated barrage of over 200 drones and missiles at Israel on Apr 13-14, 2024, its first direct strike on Israeli territory. The IRGC fired dozens of ground-to-ground missiles (including >10 cruise missiles) and scores of kamikaze UAVs. Israeli air defenses intercepted most threats; only light damage and one injury were reported (a 7-year-old girl). Iran said the attack was retaliation for an Israeli strike on its Damascus consulate. The strike modestly degraded an Israeli military site, prompting vows of significant response by Israel and international calls to contain escalation.","","IRGC Aerospace Force (Quds drones battalion)","Shahed-191 suicide drones; Zelzal-3 ballistic missiles; cruise missiles","300","1200","Military installation","Hardened (bunker)","Unknown","Unknown","0","0","0","Multiple launch batteries","0","One Israeli radar array lightly damaged, infrastructure largely intact; 99% of projectiles intercepted","0 — Israeli nuclear and economic infrastructure spared","~99% of drones/missiles intercepted (Israel claim)","Pre-set salvo for G7 time; first IRGC strike inside Israel; US intelligence and cooperation credited","Maxar (landing debris imagery); Planet Labs (launch pad imagery)","Reuters (Apr13-14 2024)|https://www.reuters.com; AP News (intercept stats)|https://apnews.com; Jerusalem Post (IDF briefing)|https://www.jpost.com","IISS (missile threat assessment Apr2024)|https://www.iiss.org; CSIS (Iran strike analysis)|https://www.csis.org","IRAN; ISRAEL; MISSILE; DRONE; CRUISE MISSILE; GROUND-TO-GROUND; CIVILIAN INJURY","purple;red;blue;blue;gold","TRUE","FALSE","TRUE","FALSE",""
"lb-haifa-pager","Op. Northern Arrows","#ab47bc","Hezbollah Rocket Salvo: Haifa Military Complex","Sep 22 2024","-18","missile","TRUE","33.27","35.20","Lebanon — South Lebanon border","Hezbollah missile battalion","32.82","34.99","Israel — Haifa","Haifa military industry site","Lebanon's Hezbollah launched rockets at Haifa on Sept 22, 2024, saying it targeted an Israeli military industry complex. The strike was in response to Israeli operations (the pager comms raid) against Hezbollah command nodes. No casualties were reported. Satellite and press analysis suggest a mix of mid-range rockets were fired from southern Lebanon. The attack marked a clear Hezbollah escalation into Israeli urban-industrial areas, increasing pressure on Israel's homeland defense. Israel later denied damage and stressed interception success.","","Hezbollah rocket units","Fateh-110 guided rocket (assessed)","6 (estimated)","100","Military-industrial facility","Hardened (underground facility)","0","0","0","0","0","0","0","Confirmed rocket impacts near Haifa arms factory; no reported casualties","0 — no known warship or nuclear site involved","None","0","Hezbollah claimed precision targeting of weapons factory; OSINT imagery shows blast patterns; significant psychological impact in Haifa","Planet Labs (impact site imagery)|https://www.planet.com; Oryx (munition ID)|https://www.oryxspioenkop.com","Reuters (Sep 22 2024)|https://www.reuters.com; Times of Israel (analysis)|https://www.timesofisrael.com","IISS (Lebanon conflict tracker Sep2024)|https://www.iiss.org; CSIS (Hezbollah capabilities report)|https://www.csis.org","LEBANON;ISRAEL;FATEH-110;ROCKET;HAIFA;MILITARY COMPLEX","purple;red;blue;gold","TRUE","FALSE","FALSE","FALSE"
"il-southern-lebanon-raid","Op. Northern Arrows","#ab47bc","IDF Special Ops: Southern Lebanon Ground Raids","Oct 1 2024","-17","sof","TRUE","33.24","35.55","Israel — Metula region","IDF Northern Command","33.15","35.15","Lebanon — Southern border","Hezbollah command hideouts","In a limited incursion on Oct 1, 2024, Israeli ground forces conducted targeted raids into southern Lebanon. The operations, backed by air force and artillery fire, struck Hezbollah positions in border villages near Israeli communities. No Israeli casualties were reported, and Hezbollah claimed its fighters repelled the attacks. These precision raids aimed to gather intelligence and degrade Hezbollah's frontline capabilities. They marked the first sustained Israeli ground movement across the Blue Line since Hezbollah fired rockets at Israeli border towns, significantly raising the stakes on the northern front.","","IDF Golani Brigade","Infantry; IDF short-range rockets","Unknown","10","Hezbollah positions","Field (mobile tents)","Unknown","Unknown","0","0","0","2 IDF infantry units","2 AH-64 Apache helicopters; 4 UAVs","0","Hezbollah small outposts hit; multiple antennas destroyed (IDF claim)","0 — no strategic escalation to nuclear threshold","None","0","Limited ops based on pinpoint intelligence; Israel signaled readiness for larger invasion; US alerts re Lebanon conflict","Maxar (before/after imagery of border strikes)|https://www.maxar.com; @phil_azhari (OSINT analysis)|https://twitter.com/phil_azhari","Reuters (Oct1 2024)|https://www.reuters.com; Israeli MoD statement","Soufan Center (Northern Front briefing Oct2024); IISS (Lebanon security report)","ISRAEL;HEZBOLLAH;LEBANON;RAID;GROUND;SPECIAL FORCES","purple;blue;red;gold","TRUE","FALSE","FALSE"
"ir-truepromise2","Op. Northern Arrows","#ab47bc","Iranian Ballistic Missiles at Israel (True Promise II)","Oct 1 2024","-17","missile","TRUE","35.69","51.39","Iran — various launch sites","IRGC Aerospace Force","31.77","34.65","Israel — Northern and Central regions","Civilian and military areas","Iran launched a volley of ~200 ballistic missiles at Israel on Oct 1, 2024 (early morning), Israel said. The strike, intended as revenge for Israel's Lebanon operations, saw IAF interceptors engage incoming missiles. Israel reported minimal damage and no casualties. The U.S. helped Israel thwart the attack. The barrage significantly escalated hostilities, as it was the largest direct Iranian attack on Israel to date. Israel warned of strong retaliation, marking a critical flashpoint in the Iran–Israel confrontation.","","IRGC Missile Brigades","Shahab-3 and Fateh-110 ballistic missiles","~200","1500","Mixed (civilian/military)","None","0","0","0","0","0","0","0","Several launch barracks and missile depots likely destroyed (Israel claim)","0 — no nuclear or energy sites struck","0","~90% interception (IAF claim)","Satellite imagery shows impacts in open fields; US intel cited for defense success; triggered White House condemnations","Maxar (impact sites in Israel)|https://www.maxar.com; Planet Labs (launch signatures)|https://www.planet.com","Reuters (Oct1 2024)|https://www.reuters.com; NYT (White House reaction)|https://www.nytimes.com","IISS (Middle East conflict timeline)|https://www.iiss.org; Brookings (analyst commentary)|https://www.brookings.edu","IRAN;ISRAEL;BALLISTIC MISSILE;INTERCEPT;ESCALATION","purple;red;blue;gold","TRUE","FALSE","FALSE","FALSE"
"il-strikes-iran","Op. Northern Arrows","#ab47bc","Israeli Air Offensive: Strikes on Iran (Operation Inherent Resolve)","Oct 25-26 2024","-12","fighter","TRUE","31.21","35.01","Israel — Nevatim AFB","IAF F-15I / F-16I fighter wings","35.07","44.40","Iran — Tehran/Ilam provinces","IRGC missile factories","Over Oct 25-26, 2024 Israel launched a major airstrike campaign deep into Iran. Strikes hit IRGC facilities near Tehran, Parchin missile complex, and sites in western Iran (Ilam, Khuzestan) with bunker-penetrating munitions. Iran reported limited damage and said it shot down or deterred the jets. The raids were explicitly retaliation for Iran's Oct 1 missile assault. This was the first massive Israeli aerial strike on Iran itself, signaling a severe escalation. Iran blamed Israeli light warheads and claimed minimal impact. Analysts noted damage to Parchin missile labs confirming hits.","","IAF F-15I / F-16I strike package","GBU-31/BLU-109 JDAMs; GBU-28 bunker-busters","12+ (est.)","1300","Military-industrial sites","Hardened bunkers","0","0","0","0","0","Dozens of fighter jets","0","Multiple IRGC missile production buildings destroyed; Iranian air defences engaged with little success","0 — avoided nuclear sites (by US request)","$50M+ facilities (ballistic missile engines)","0","New precedent of Israel striking Iranian homeland; precise targeting (Kharg island, Parchin) noted; U.S. liaison confirmed attack","Planet Labs (damage at Parchin)|https://www.planet.com; H.I. Sutton (munitions analysis)|https://www.hisutton.com","Reuters (Oct26 2024)|https://www.reuters.com; AP (report on strikes)|https://apnews.com","IISS (Iran nuclear issue report 2024)|https://www.iiss.org; CSIS (Israeli strike analysis)|https://www.csis.org","ISRAEL;IRAN;AIRSTRIKE;F-15I;IRGC;ESCALATION;MISSILE LABS","purple;red;blue;gold;red","TRUE","FALSE","FALSE","FALSE"
"lb-haifa-fadi","Op. Northern Arrows","#ab47bc","Hezbollah Fadi-1 Missiles: First Direct Hit on Haifa","Oct 7 2024","-16","missile","TRUE","33.55","35.55","Lebanon — East Lebanon border","Hezbollah Fadi-1 missile unit","32.82","34.99","Israel — Haifa","Urban neighborhoods","Hezbollah fired a barrage of Fadi-1 long-range missiles at northern Israel on Oct 7, 2024, the first direct attack on the city of Haifa. At least two rockets struck Haifa (27 km from Lebanon), causing building damage and wounding civilians, while others hit Tiberias. Israel intercepted several projectiles, but the attack demonstrated Hezbollah's ability to reach Israel's third-largest city. The IDF immediately launched counter-strikes on Hezbollah command infrastructure in Beirut and southern Lebanon. The event marked a new intensity in the cross-border war and prompted international appeals to prevent escalation.","","Hezbollah missile brigade (Fadi-1 battalion)","Fadi-1 surface-to-surface missile","4","30","Urban residential area","None","0","0","10","0","0","0","0","Damage to Haifa apartment blocks; 10 civilians wounded (roof shrapnel)","0 — no significant material loss","None","0","First time Hezbollah's guided rockets penetrated Haifa; video-confirmed impact (Reuters verified); IDF tracking trojan code signals","Planet Labs (Haifa blast site)|https://www.planet.com; Oryx (missile ID)|https://www.oryxspioenkop.com","Reuters (Oct7 2024)|https://www.reuters.com; IDF press release|https://www.idf.il; Times of Israel|https://www.timesofisrael.com","IISS (MENA analysis Oct2024)|https://www.iiss.org; CSIS (missile warfare report)|https://www.csis.org","LEBANON;ISRAEL;FADI-1;MISSILE;HAIFA;CIVILIAN CASUALTIES;ESCALATION","purple;red;gold;red","TRUE","FALSE","FALSE","FALSE"
"ss-lucas-debut","Task Force Scorpion Strike","#ff9800","LUCAS Combat Debut: First US One-Way Attack Drones vs. Iran","Feb 28, 2026","65","drone","true","29.5","47.6","US Army / CENTCOM AORR (Kuwait / Middle East)","Task Force Scorpion Strike — under SOCCENT","32.0","49.5","Iran — IRGC Command Nodes + Air Defense + Missile Sites","Multiple fixed military targets across western and central Iran","CENTCOM's Task Force Scorpion Strike (TFSS) deployed the Low-cost Unmanned Combat Attack System (LUCAS) in combat for the first time in history during Operation Epic Fury. Formed in December 2025 under SOCCENT after SecDef Hegseth directed 'Unleashing US Military Drone Dominance' in July 2025, TFSS employed ground-launched LUCAS drones against IRGC command and control nodes, air defense assets, missile launch infrastructure, and military airfields. The LUCAS is a reverse-engineered Shahed-136 built by Arizona-based SpektreWorks — a V-shaped delta-wing loitering munition powered by a DA-215 two-cylinder engine, ~10ft long, 8ft wingspan, ~$35,000 per unit. It features autonomous coordination, Starlink terminals enabling swarm networking, and can be launched via catapult, RATO, or vehicle-based systems. A LUCAS was first ship-launched from USS Santa Barbara (LCS) in December 2025. CENTCOM announced: 'These low-cost drones, modeled after Iran's Shahed drones, are now delivering American-made retribution.' A malfunction video of an early LUCAS launch circulated on social media but was unconfirmed by CENTCOM.","LUCAS is the US answer to the drone cost-exchange asymmetry that has favored Iran and Russia throughout the 2020s. At $35,000 per unit versus $4M+ for a Patriot PAC-3 interceptor, the US is now fielding mass-scale expendable munitions at cost parity with adversary systems. The deliberate irony of using reverse-engineered Iranian drones against Iran was intentional — a symbolic and strategic message. LUCAS's Starlink-enabled swarm coordination represents a step-change beyond the simple fixed-target Shahed, enabling dynamic targeting and autonomous cooperative strikes. The combat debut 8 months after public unveiling is a compression of the normal US acquisition timeline, signaling a new doctrine of rapid fielding under wartime conditions.","Task Force Scorpion Strike (TFSS) — SOCCENT","LUCAS (Low-cost Unmanned Combat Attack System) — SpektreWorks FLM-136 derivative","Undisclosed (squadron-scale)","~800 km (estimated, based on Shahed-136 baseline ~2000 km range)","IRGC C2 / air defense / missile infrastructure / military airfields","Surface — fixed military installations","0","Undisclosed","0","0","~15000 (total theater)","150+ (total theater)","13 DDGs (total theater)","First combat use confirmed — targets struck, BDA classified","N/A","Part of Brent +9% spike; broader Epic Fury economic impact","0 (offensive operation)","Reverse-engineered from captured Iranian Shahed-136; MUSIC mesh network enables swarm ops; Starlink terminals for dynamic targeting; Dec 2025 ship-launch test from USS Santa Barbara (LCS)","The War Zone (TFSS creation Dec 2025); DefenseScoop (LUCAS remains ready Mar 2026)","Military Times; Fox News; Task & Purpose; Reuters; Defense Scoop","Army Recognition; EurAsian Times; CSIS","LUCAS FIRST USE|DRONE SWARM|SHAHED CLONE|TASK FORCE SCORPION|SOCCENT|$35K DRONE","gold|green|orange|blue|blue|green","false","false","true","false"
"ss-ship-launch-test","Task Force Scorpion Strike","#ff9800","LUCAS Ship-Launch Test: USS Santa Barbara (LCS)","Dec 18, 2025","60","drone","true","26.5","57.0","USS Santa Barbara (LCS-32) — Persian Gulf","CENTCOM AOR — first ship-based LUCAS test","26.5","57.0","Persian Gulf — Test Range","Two weeks after TFSS announced; first naval LUCAS fire","Two weeks after CENTCOM announced Task Force Scorpion Strike, US Navy personnel test-fired a LUCAS drone from the Independence-class Littoral Combat Ship USS Santa Barbara (LCS-32) in the Persian Gulf — the first ship-based launch of the system. CENTCOM Commander Adm. Brad Cooper posted 'Bravo Zulu' on social media confirming the test. The launch demonstrated the potential for LCS vessels to serve as LUCAS motherships, extending LUCAS's reach into the maritime domain and setting conditions for sea-based one-way attack drone operations alongside Task Force 59 (maritime drone task force).","The combination of Task Force Scorpion Strike (land-based LUCAS) and Task Force 59 (sea-based autonomous systems) indicates CENTCOM is building an integrated, multi-domain drone strike network across the region. LCS vessels, previously criticized for limited combat utility, may find a new role as LUCAS launch platforms. Ship-based LUCAS deployment would enable strikes from sea approaches not covered by ground basing — significantly complicating Iranian targeting of launch sites.","Task Force Scorpion Strike + US Navy (CENTCOM AOR)","LUCAS (one-way attack drone)","1 (test)","~800 km (estimated)","Test range — demonstration","N/A","0","0","0","0","N/A","N/A","LCS USS Santa Barbara (LCS-32)","Test successful","N/A","N/A","N/A","Adm. Brad Cooper confirmed via CENTCOM social media; linked to broader CENTCOM drone network with Task Force 59","The War Zone; DefenseScoop","CENTCOM official release Dec 18 2025","N/A","LUCAS|LCS|NAVAL DRONE|TASK FORCE 59|FIRST SHIP LAUNCH|PRE-COMBAT PROOF","cyan|blue|orange|gold|green|blue","false","false","true","false"
"il-lebanon-hezbollah-march2026","Op. Roaring Lion","#ce93d8","IDF Offensive Campaign: Hezbollah Enters War (Op. Roaring Lion Northern Front)","Mar 2–4, 2026","83","fighter","true","32.0","35.0","Israel (IAF + IDF Northern Command)","Ramat David + multiple IAF bases; northern ground forces","33.87","35.5","Beirut (Dahiyeh) + Southern Lebanon + Beqaa Valley","Hezbollah military infrastructure, C2, communications, Radwan Force","Hezbollah broke the November 2024 ceasefire on March 1–2, 2026, firing missiles and drones at Israeli bases — Ramat David airbase, Camp Yitzhak, and the Meron monitoring base — declaring it was 'revenge for the blood of Supreme Leader Khamenei.' It was the first Hezbollah cross-border attack since the 2024 ceasefire. Israel responded with an immediate IDF offensive campaign across Lebanon. Within 48 hours: dozens of strikes hit Dahiyeh (south Beirut Hezbollah stronghold), southern Lebanon, and the Beqaa Valley. Hezbollah intelligence chief Hussein Makled was killed overnight Mar 2. Al-Manar TV headquarters and al-Nour radio station were struck. Israel issued evacuation orders to 50+ villages and 59 areas including Dahiyeh neighborhoods. IDF ground forces pushed into southern Lebanon in a new incursion on Mar 3, seizing 'strategic areas' and commanding high ground. Lebanon's army pulled back from at least 7 border positions. 30,000+ displaced. IDF Chief of Staff Zamir declared: 'We have begun an offensive campaign against Hezbollah. We are not just on defense, now we go on the offense.' Netanyahu authorized IDF to 'advance and take control of additional commanding areas in Lebanon.' Israel is calling up tens of thousands of reservists near the Lebanese border, fueling speculation of deeper ground invasion.","Hezbollah entered the war significantly weakened from the 2024 conflict — IDF had already eliminated 267+ operatives during the ceasefire period. Naim Qassem declined to join the June 2025 12-day war; his decision to enter in March 2026 reflects Iranian pressure post-Khamenei assassination. The IDF ground incursion follows a familiar pattern: use air strikes to suppress air defense and communications, then advance ground forces to buffer zone positions. Lebanon's government banning Hezbollah's military activities signals political fracture within Lebanon but Hezbollah dismissed it. The dual threat to Israel (Iran campaign + Lebanon front) is exactly the multi-front scenario the IDF had been planning for under Op. Roaring Lion. IDF COS Zamir confirmed: 'The IDF planned and is prepared to operate in multiple arenas simultaneously.'","IDF Northern Command + IAF","F-35I Adir; F-16I Sufa; F-15I Ra'am; air-launched PGMs; JDAM; SDB; artillery","Dozens of strikes (exact number undisclosed)","N/A","Hezbollah military HQ / C2 / communications / missile infrastructure / Radwan Force / intelligence apparatus","Surface — urban and semi-urban; reinforced Dahiyeh infrastructure","0","Hezbollah intel chief Hussein Makled (confirmed KIA); senior Radwan Force operatives","At least 52 killed, 154 injured in Lebanese strikes (state media, Mar 2)","0","Tens of thousands of reservists being called up","Multiple IAF squadrons","N/A","IDF offensive campaign ongoing; ground incursion in progress; Hezbollah ceasefire broken; 30,000+ displaced in Lebanon","N/A","N/A","N/A","Hezbollah broke Nov 2024 US-brokered ceasefire; Lebanon Army withdrew from 7+ border posts; Lebanese govt banned Hezbollah military activity (cabinet vote); Israel previously maintained 5 border posts in Lebanon citing Hezbollah non-disarmament; IDF pre-planned multi-front operation","Alma Research Center (monthly IDF Lebanon strike tracker Feb 2026); UNIFIL reports","Times of Israel; Al Jazeera; CNN; Axios; AFP; AP","Security Council Report (Mar 2026 monthly); IISS","HEZBOLLAH|CEASEFIRE BROKEN|DAHIYEH|GROUND INCURSION|BEIRUT|RADWAN FORCE|MULTI-FRONT|KHAMENEI REVENGE","red|red|red|orange|red|orange|gold|purple","true","false","false","false"
"il-lebanon-hzb-intel-chief","Op. Roaring Lion","#ce93d8","Targeted Strike: Hezbollah Intelligence Chief Hussein Makled Killed","Mar 2, 2026","83","sof","true","32.0","35.0","IDF (IAF — classified strike platform)","Precision airstrike on senior Hezbollah leadership","33.87","35.5","Beirut area — Hezbollah intelligence HQ location","Senior Hezbollah intelligence commander","Overnight March 2–3, 2026, Israel conducted a precision strike in the Beirut area killing Hussein Makled, identified by the IDF as the head of Hezbollah's intelligence headquarters. The IDF stated Makled was responsible for 'forming the intelligence picture using various intelligence collection tools to provide the Hezbollah terror organization with intelligence assessments regarding IDF troops and the State of Israel.' Simultaneously, the IDF struck a key Radwan Force operative in southern Lebanon. Defense Minister Katz publicly declared Hezbollah chief Naim Qassem 'a marked target for elimination.' Reports also indicated strikes were targeting Naim Qassem himself and Mohammad Raad (head of Hezbollah's parliamentary bloc) — Raad's whereabouts were unknown and his body was being searched for in rubble per Al Hadath.","Makled's elimination degrades Hezbollah's real-time intelligence on IDF movements — critical as Israel launches its ground incursion into southern Lebanon. Targeting the intelligence chief in the opening hours of an offensive is a deliberate pattern (see: 12-Day War opening salvo eliminating 40 IRGC commanders). Katz's public designation of Qassem as a 'marked target' signals an impending leadership decapitation attempt, following the same Roaring Lion doctrine applied to Khamenei. The simultaneous pursuit of Raad (political-military figure) suggests Israel is pursuing both military and political-military Hezbollah leadership simultaneously.","IDF / IAF (precision airstrike — platform classified)","Precision-guided munition (type classified)","1 (precision strike)","N/A","Hezbollah intelligence headquarters — senior commander","Urban — reinforced building, Beirut area","0","Hussein Makled (Hezbollah intelligence chief, confirmed KIA); Radwan Force operative in south Lebanon (KIA)","Civilians in vicinity (unknown — not reported separately)","0","N/A","IAF","N/A","Hezbollah intelligence chief killed; Radwan Force operative killed; Qassem designated 'marked target'; Raad status unknown","N/A","N/A","N/A","IDF pre-identified Makled as intelligence architecture lead; strike conducted within hours of Hezbollah entering war — indicates pre-planned target list was immediately activated upon Hezbollah fire","Times of Israel (confirmed IDF statement); Al Hadath (Raad body search)","Times of Israel; IDF official statement; Axios","N/A","MAKLED KIA|HEZBOLLAH INTELLIGENCE|DECAPITATION|QASSEM TARGETED|RAAD UNKNOWN","red|red|gold|red|orange","false","false","false","false"
"il-lebanon-prewar-strikes","Op. Roaring Lion","#ce93d8","IDF Pre-War Hezbollah Degradation: Nov 2024–Feb 2026 Ceasefire Strikes","Nov 2024–Feb 2026","55","fighter","true","32.0","35.0","Israel (IAF Northern Command)","Continuous ceasefire-period targeted elimination campaign","33.5","35.6","Southern Lebanon + Beqaa Valley + North of Litani","Hezbollah missile array, Radwan Unit, engineering infrastructure","During the November 2024–February 2026 ceasefire period, the IDF continued targeted strikes against Hezbollah across Lebanon on a near-daily basis, citing Hezbollah's failure to disarm and withdraw per the ceasefire terms. By the time Hezbollah entered the war in March 2026, the IDF had: eliminated 267+ Hezbollah operatives (confirmed via open source); killed 20 operatives in February 2026 alone (44 total strikes that month, a 50% decrease from January's 88 strikes); destroyed engineering vehicles used to rehabilitate terror infrastructure; targeted weapons depots in civilian areas (with advance warnings); struck rocket launchers and Radwan Unit camps; and maintained 5 border positions in Lebanese territory. February 2026 strikes included killing 8 Hezbollah missile force operatives in Beqaa Valley, including a 'commander' — one of the deadliest ceasefire-period strikes. Strike geography: south of Litani, north of Litani (increasing), and Beqaa Valley (consistent presence).","The IDF's continuous ceasefire-period degradation represents a sustained attrition campaign that significantly weakened Hezbollah before it re-entered open hostilities. Eliminating 267 operatives over 15 months — including missile array commanders, Radwan Unit officers, air defense personnel, and engineering department heads — systematically degraded Hezbollah's reconstitution effort. This established the conditions for the IDF's rapid offensive campaign response when Hezbollah fired in March 2026. The pattern mirrors IDF doctrine in Gaza: maintain constant pressure even under ceasefire conditions to prevent adversary reconstitution.","IDF Northern Command + IAF","Air-launched PGMs; JDAM; SDB","267+ operatives KIA across campaign; 44 strikes in Feb 2026 alone","N/A","Hezbollah missile array / Radwan Unit / engineering department / air defense / sector commanders","Surface — semi-rural and Beqaa Valley","0","267+ Hezbollah operatives (cumulative, Nov 2024–Feb 2026); 20 in Feb 2026","Undisclosed civilian casualties during campaign","0","N/A","Multiple IAF squadrons (persistent)","N/A","267+ Hezbollah operatives eliminated; Hezbollah missile and engineering arrays significantly degraded; Radwan Unit leadership attrited","N/A","N/A","N/A","Alma Research Center tracks confirmed eliminations via open source; IRGC officers personally briefing Hezbollah missile unit in Beqaa Valley (Times of Israel, pre-war); Hezbollah refused to disarm north of Litani throughout ceasefire; Israel held 5 border positions citing security concerns","Alma Research Center (monthly strike tracker — most comprehensive OSINT source for this campaign)","Times of Israel; AFP; AP","Security Council Report; UNIFIL reports","267 OPERATIVES|CEASEFIRE STRIKES|RADWAN UNIT|MISSILE ARRAY|CONTINUOUS ATTRITION|BEQAA VALLEY","red|orange|orange|red|gold|cyan","false","false","false","false"