"incident_id","assessment","munitions_weapons","munitions_quantity","range_km","target_depth_hardening","military_kia_friendly","military_kia_enemy","civilian_kia","military_wia_friendly","personnel_deployed","aircraft_deployed","naval_vessels","nuclear_setback_assessment","economic_impact","intercepted_munitions","key_intelligence_notes","osint_sources","press_sources","think_tank_sources"
"mh-fordow","Fordow was specifically designed to survive conventional bunker-busters. The GBU-57 MOP was developed precisely for this mission. The pre-strike evacuation of uranium indicates Iran had advance warning or a prepared contingency. NBC News later assessed only Fordow was definitively destroyed of the three primary nuclear targets.","GBU-57 MOP (Massive Ordnance Penetrator)","12","11000","80–90m underground inside mountain","0","0","0","0","","7","0","1–2 years (Pentagon); months (IAEA); many years (Israeli AEC)","","","440.9 kg uranium evacuated pre-strike incl. 408.9 kg 60%-enriched (~9 weapons worth); 52 tanker aircraft required; first MOP combat use; NBC News assessed only Fordow definitively destroyed","Oliver Alexander (OSINT) — F-22 deployment 4-day warning|https://twitter.com/OAlexanderDK; MATA — 100+ tankers 200+ cargo tracked|https://twitter.com/MT_Anderson","The War Zone|https://www.thedrive.com/the-war-zone; Air & Space Forces Magazine|https://www.airandspaceforces.com; CNN (satellite imagery)|https://www.cnn.com","CSIS|https://www.csis.org; FDD|https://www.fdd.org"
"mh-natanz","NBC News found that of the three primary targets, only Fordow was definitively destroyed. Two MOPs vs. twelve at Fordow suggests planners underestimated the hardened underground halls.","GBU-57 MOP","2","11000","~8m underground reinforced concrete","0","0","0","0","","7","0","","","","Natanz under IAEA safeguards with cameras and monitoring","Oliver Alexander (OSINT)|https://twitter.com/OAlexanderDK; MATA|https://twitter.com/MT_Anderson","NBC News (assessment: only Fordow destroyed)|https://www.nbcnews.com; The War Zone|https://www.thedrive.com/the-war-zone","Arms Control Association|https://www.armscontrol.org; Arms Control Wonk|https://www.armscontrolwonk.com"
"mh-isfahan","The hidden uranium discovery raises questions about the completeness of Iran's declaration. Pre-strike IAEA assessment did not account for this cache.","BGM-109 Tomahawk TLAM Block IV/V","24+","1600","Surface / shallow","0","0","0","0","","0","13+","","","","IAEA found hidden enriched uranium under Isfahan (Haaretz Feb 27 2026); hidden cache not declared to inspectors","","Haaretz (IAEA Isfahan hidden uranium)|https://www.haaretz.com; CNN|https://www.cnn.com","Arms Control Association|https://www.armscontrol.org"
"tdw-campaign","The F-35I's low-observable design allowed penetration of Iranian S-300 defenses. Destroying 120 TELs in opening phases effectively eliminated Iran's near-term retaliatory ballistic missile capability. Simultaneous decapitation of 40 commanders unprecedented in modern warfare.","Mixed (JDAM; SDB; Spice; Rampage)","1400+ sorties","1000+","Surface and underground","0","40+ senior commanders killed","0","0","","1400+ sorties","0","","","","S-300 batteries unable to track F-35I at combat altitude","","Aviation Week / Defense.info|https://aviationweek.com; Fox News|https://www.foxnews.com","FPRI|https://www.fpri.org; Arms Control Wonk|https://www.armscontrolwonk.com"
"tdw-hezbollah","Preemption over absorption of mass rocket barrage on Israeli cities. Strikes focused on launcher sites rather than leadership — consistent with lessons from prior conflicts about distributed guerrilla organizations.","Mixed (PGMs; guided bombs)","Multiple sorties","","Surface","0","Unknown","0","0","","","","","","","Hezbollah had publicly declared readiness to respond to US-Israeli attacks on Iran","","Fox News|https://www.foxnews.com; Times of Israel|https://www.timesofisrael.com","Soufan Center|https://thesoufancenter.org"
"cia-vzla","Pattern of pre-raid shaping to create ""confusion at the top"" and prevent coordinated Venezuelan military response during Maduro capture window.","Precision munitions (classified)","Classified","","Surface — building","0","Unknown","0","0","","1","0","","","","","@MT_Anderson (X/Twitter)|https://twitter.com/MT_Anderson","CNN|https://www.cnn.com","CFR|https://www.cfr.org"
"ocean-trader","The Sentinel-2 detection demonstrates that free commercial 10m-resolution satellite imagery combined with AIS gap analysis can expose classified SOF mothership operations. Operational security for future similar missions must account for ubiquitous commercial satellite coverage.","N/A","0","","N/A","0","0","0","0","","0","2","","","","Detected by ESA Sentinel-2 (free commercial satellite); @MT_Anderson and The Iceman (Substack) identified vessel publicly before operation commenced; SOF helicopters observed flying over Caracas during raid","@MT_Anderson (X/Twitter)|https://twitter.com/MT_Anderson; The Iceman (Substack)|https://iceman.substack.com; ESA Sentinel-2|https://sentinel.esa.int/web/sentinel/missions/sentinel-2","Maritime Executive|https://maritime-executive.com",""
"abs-resolve","Most significant decapitation operation since Bin Laden. Cuba's loss of 32 officers represents a strategic blow to its military advisory presence embedded in Maduro's security apparatus. Cyber integration consistent with modern US doctrine.","Small arms; precision munitions; helicopter insertion","","","Surface — urban","0","47 VZ soldiers; 32 Cuban officers (colonels to captains)","0","0","15000","150+","0","","Brent crude impact; regional political destabilization","","32 Cuban officers ages 26–60 spanned ranks colonel to captain; cyber effects integrated; SOF helicopters observed flying over Caracas","@MT_Anderson (X/Twitter)|https://twitter.com/MT_Anderson","Breaking Defense|https://breakingdefense.com; NBC News|https://www.nbcnews.com; Military.com|https://www.military.com","CSIS|https://www.csis.org; Brookings|https://www.brookings.edu"
"southern-spear","Multi-domain campaign — air, ground SOF, naval interdiction, and cyber — executed simultaneously. Deliberately disproportionate force to ensure overwhelming superiority and minimize US casualties.","Mixed (PGMs; cruise missiles; JDAM)","Multiple","","Surface — multiple","0","Unknown","0","0","15000","150+","Multiple","","","","15000 US troops in theater; cyber effects on electrical grid and communications; Venezuelan naval vessels interdicted","","CFR|https://www.cfr.org; ABC News|https://abcnews.go.com","Brookings|https://www.brookings.edu"
"buildup","ADS-B receivers and commercial satellites made the buildup visible globally before the first strike. Even F-22 stealth aircraft deployments left exploitable indicators. Future US operations must factor in adversaries likely having comparable warning time.","N/A — buildup phase","0","","N/A","0","0","0","0","150000+","150+","13","","","","100+ tankers tracked; 200+ cargo flights tracked; F-22 deployment patterns identified; largest Middle East force in decades","MATA (Military Air Tracking Alliance)|https://twitter.com/MT_Anderson; Oliver Alexander (OSINT)|https://twitter.com/OAlexanderDK; @MT_Anderson (X/Twitter)|https://twitter.com/MT_Anderson","Washington Post (Feb 24 2026)|https://www.washingtonpost.com; Military Times|https://www.militarytimes.com","Middle East Forum|https://www.meforum.org"
"ef-main","900 strikes on day one eclipsed Desert Storm's opening phase. Simultaneous targeting of nuclear remnants, IRGC command, ballistic missile infrastructure, and leadership in a single package represents a true effects-based campaign design.","GBU-57 MOP; BGM-109 Tomahawk; PrSM; JDAM; SDB; HIMARS GMLRS","900+ strikes in 12hrs","Various — up to 11000","Mixed surface and underground","3 KIA + 5 WIA (Kuwait — Iran counter)","Unknown","555+ (Iranian Red Crescent)","5","150000","150+","13","1–2 years (Pentagon); months (IAEA)","Brent crude +9% → $79.45; intraday +12–13%; war-risk insurance +50%","708 total (in GCC separate engagement)","UNSC emergency meeting convened; MATA tracked 100+ tankers 200+ cargo pre-positioned; Oliver Alexander 4-day F-22 warning","MATA|https://twitter.com/MT_Anderson; Oliver Alexander (OSINT)|https://twitter.com/OAlexanderDK; Washington Post (Feb 24 2026 buildup)|https://www.washingtonpost.com","The War Zone|https://www.thedrive.com/the-war-zone; Aerospace Global News|https://aerospacedefensenews.com; Air & Space Forces Magazine|https://www.airandspaceforces.com; FDD Action|https://www.fdd.org","CSIS|https://www.csis.org; FDD|https://www.fdd.org; Stimson Center|https://www.stimson.org; Critical Threats (AEI/ISW)|https://www.criticalthreats.org"
"ef-prsm","PrSM combat debut demonstrates US Army long-range fires capability to China and North Korea. Kuwait launch proves pre-positioned ground forces can supplement naval/air precision strike.","PrSM (Precision Strike Missile)","Classified","499+","Surface","0","0","0","0","","0","0","","","","First combat use of PrSM; demonstrates US Army long-range fires capability to China and North Korea; manufactured by Lockheed Martin","","The War Zone|https://www.thedrive.com/the-war-zone",""
"ef-nawab","Sheer volume of Tomahawk fire created a saturation challenge for Iranian air defenses, which had already been significantly degraded by the IDF 12-day campaign.","BGM-109 Tomahawk Block IV/V","Up to 1248 capacity","1600–1800","Surface","0","0","0","0","","0","13","","","","Each Arleigh Burke carries up to 96 Tomahawks in VLS; 13 ships = ~1248 theoretical capacity; largest TLAM volley since OIF 2003","","Military Times|https://www.militarytimes.com; The War Zone|https://www.thedrive.com/the-war-zone; Gulf News|https://gulfnews.com",""
"ef-minab","Whether the strike resulted from GPS drift, intelligence failure, or deliberate targeting remains disputed. The incident became the focal point for international condemnation and underscores the challenge of precision strikes in densely populated coastal areas.","","Unknown","","Surface","0","0","148","0","","","","","Brent crude impact","","Attribution contested — US/Israel deny deliberate civilian targeting; GPS drift or intelligence failure possible","","Air & Space Forces Magazine|https://www.airandspaceforces.com; UNSC Security Council Report|https://www.un.org/securitycouncil",""
"rl-khamenei","Khamenei's killing — Supreme Leader since 1989 — creates a succession crisis with no clear mechanism. CIA penetration of his security apparatus despite blindfolded-official protocols represents one of the most significant intelligence coups since Bin Laden.","Precision airstrike (type classified)","1","","Deep underground, extreme hardening","0","1 (Ayatollah Khamenei — Supreme Leader of Iran)","0","0","","1","0","","","","Iranian regime crisis post-kill; succession crisis — Guardian Council must select new Supreme Leader; Emergency UNSC session; officials met Khamenei blindfolded to prevent location disclosure","","CNN|https://www.cnn.com; The Week India|https://www.theweek.in; Geo.tv|https://www.geo.tv; The Word 360|https://theword360.com",""
"rl-commanders","Surpasses 18 Iraqi leaders killed in the opening hours of OIF. Required months of pre-positioned intelligence. Simultaneous execution was crucial — any warning would have allowed dispersion.","Precision airstrikes (PGMs)","40+ simultaneous","","Surface — multiple urban locations","0","40 senior IRGC commanders","0","0","","Multiple","0","","","","Most senior commanders killed simultaneously; surpasses 18 Iraqi leaders killed in opening hours of OIF; months of pre-positioned intelligence required","","Armed Forces Press|https://armedforcespress.com","Stimson Center|https://www.stimson.org"
"ir-gcc","708 munitions in a single engagement tests layered air defense with overwhelming volume — a tactic refined watching Russian drone warfare in Ukraine. The cost-exchange problem: Shahed-136 ~$20k vs Patriot PAC-3 ~$4M — attacker has strong economic advantage.","Ballistic missiles (Shahab/Qiam type); cruise missiles; Shahed-type drones","165 BM + 2 CM + 541 drones = 708 total","Various","Surface","0","0","0 (all intercepted)","0","","0","0","","Brent crude +9% → $79.45; intraday +12–13%","708 total intercepted (165 BM + 2 CM + 541 drones)","Largest air defense engagement in history; Shahed-136 costs ~$20000; Patriot PAC-3 costs ~$4M — cost-exchange asymmetry favors attacker","","Breaking Defense|https://breakingdefense.com; CNBC|https://www.cnbc.com","CFR|https://www.cfr.org"
"ir-hormuz","Worst global energy disruption since 1973 Arab oil embargo. Unlike prior Hormuz threats, active war context made the threat credible enough to collapse transits. Fertilizer impact creates downstream food price ripple 6–12 months later.","Mines; anti-ship missiles; fast-attack craft","Ongoing","","N/A — naval/maritime","0","0","0","0","","0","Multiple IRGCN vessels","","-70% tanker traffic; 150+ ships anchored outside Hormuz; Brent crude +9% → $79.45; intraday +12–13%; war-risk insurance +50%; Qatar LNG halted","","20% global petroleum transits Hormuz; 33% global fertilizer trade transits Hormuz; Qatar LNG hit halts key European alternative supply","","CNBC|https://www.cnbc.com; FreightWaves|https://www.freightwaves.com","The Conversation|https://theconversation.com"
"ir-proxies","Iran's proxy network is its primary insurance policy — a distributed asymmetric threat that survived the killing of Khamenei and destruction of the IRGC. The three-front activation represents Iran's strategic answer to losing the conventional exchange.","Mixed — rockets; missiles; drones; naval mines","Multiple ongoing","","Various","0","Unknown","Unknown","0","","0","0","","","","Iraqi PMF threatens US bases in Iraq/Kuwait/Jordan; Hezbollah poses mass rocket threat to Israeli cities; Houthi activates Bab el-Mandeb","","Fox News|https://www.foxnews.com","Soufan Center|https://thesoufancenter.org; Chatham House|https://www.chathamhouse.org"
"ir-houthi","Houthi Red Sea activation alongside Hormuz closure creates worst-case dual chokepoint. Cape of Good Hope rerouting adds 10–14 days and significant shipping costs.","Anti-ship ballistic missiles (Mach 3); Shahed-type drones; naval mines","Multiple ongoing","","N/A — open ocean","0","Unknown","Unknown","0","","0","Multiple Houthi vessels","","Rerouting via Cape of Good Hope adds 10–14 days to voyages; shipping cost spike; Bab el-Mandeb + Hormuz dual chokepoint created","","Prior campaign hit 80+ ships since Nov 2023; Houthi demonstrated resilience despite prior US strikes in Yemen","","FreightWaves|https://www.freightwaves.com","Soufan Center|https://thesoufancenter.org"
"scs-carrier","The Shandong CSG operation combined with the hardened Fiery Cross base creates a layered anti-access architecture that significantly complicates any US/Philippine military response. The J-15 exercises over the Spratlys asserted Chinese air dominance over disputed waters.","J-15B carrier fighters + Z-9 ASW helicopters + ship-borne weapons systems","Multiple sorties","","N/A — power projection","0","0","0","0","","Multiple J-15B","7","","","","Fiery Cross Reef: 3000m runway; hardened aircraft shelters; SAM systems; CDCM batteries; Shandong CSG combined with Fiery Cross base creates layered A2/AD architecture","CSIS AMTI (satellite surveillance)|https://amti.csis.org","USNI News|https://news.usni.org; Asia Times|https://asiatimes.com","CSIS AMTI|https://amti.csis.org"
"scs-scarborough","Scarborough Shoal blockade represents China's ""salami slicing"" gray-zone strategy — incremental coercion below the threshold of armed conflict. Each iteration of harassment normalizes the next level of coercion. The US-Philippines Mutual Defense Treaty (MDT) technically covers Philippine armed forces but has been deliberately not invoked for CCG-on-PCG harassment.","Water cannons; sound devices; laser dazzlers; physical blockade","Up to 40 vessels simultaneously","","N/A — gray-zone coercion","0","0","Multiple PCG sailors injured","","","0","40+","","Brent crude minimal impact; Philippine fisheries economic damage","","2016 PCA tribunal: China has NO legal basis for claims; blockade represents salami-slicing gray-zone strategy below armed conflict threshold; US-PHL MDT technically covers armed forces but not CCG-on-PCG harassment","CSIS AMTI (documentation)|https://amti.csis.org; @MT_Anderson|https://twitter.com/MT_Anderson","USNI News|https://news.usni.org; Benar News|https://www.benarnews.org","CSIS AMTI|https://amti.csis.org"
"scs-second-thomas","Second Thomas Shoal has become the most kinetically active gray-zone flashpoint in Asia. China's willingness to use directed-energy weapons against Philippine sailors marks an escalation from prior water-cannon-only harassment. The BRP Sierra Madre is deliberately kept in deteriorating condition by the Philippines to maintain a permanent physical presence — replacing it would require a Chinese decision to allow or physically block the operation.","Water cannons; sound devices; directed-energy weapon (DEW); physical ramming","Multiple ongoing resupply interdictions","","N/A — gray-zone coercion","0","0","Multiple Filipino sailors injured","","","0","Multiple CCG + 100+ PAFMM militia","","","","Second Thomas most kinetically active gray-zone flashpoint in Asia; DEW use marks escalation from water-cannon-only harassment; BRP Sierra Madre deliberately kept deteriorating to maintain physical presence","CSIS AMTI (incident tracker)|https://amti.csis.org; @MT_Anderson|https://twitter.com/MT_Anderson","Reuters|https://www.reuters.com; Foreign Policy|https://foreignpolicy.com","CSIS AMTI|https://amti.csis.org; Stimson Center|https://www.stimson.org"
"scs-fonops","The J-16 intercept was one of ~180+ unsafe intercepts the PLA has conducted since 2021. Each FONOP is legally necessary to prevent China's claims from becoming accepted by acquiescence. The PLA's response escalation from protests to physical intercepts represents a concerning trend toward possible miscalculation.","Ship-borne weapons (defensive posture only)","","12nm","N/A","0","0","0","0","","0","1 DDG + J-16 intercept","","","","180+ unsafe PLA intercepts of US/allied aircraft since 2021; FONOP legally necessary to prevent claims becoming accepted by acquiescence; J-16 conducted close unsafe maneuvers","CSIS AMTI|https://amti.csis.org","USNI News|https://news.usni.org; Defense News|https://www.defensenews.com","CSIS|https://www.csis.org"
"scs-island-build","Mischief Reef's strategic position in the Philippine EEZ, combined with its hardened military infrastructure, creates a persistent forward-deployed threat to the Philippines that effectively negates Philippine sovereign rights over the feature and its surrounding waters. The missile systems deployed can threaten Philippine and US naval vessels throughout the western Philippines.","YJ-12B CDCM (400km range ASCM); HQ-9B SAM system; garrison weapons","Ongoing construction","","Hardened above-surface installations","0","0","0","0","Garrison force","","Multiple construction vessels","","","","3000m runway capable of fighter/bomber operations; YJ-12B can threaten PHL and US naval vessels throughout western Philippines","CSIS AMTI (Planet Labs satellite monitoring)|https://www.planet.com","CSIS AMTI|https://amti.csis.org; Planet Labs|https://www.planet.com","CSIS AMTI|https://amti.csis.org"
"scs-taiwan-strait","The 103-aircraft incursion exceeded the prior record of 56 aircraft. Timing during US-Iran/Venezuela operations is a deliberate signal that China is probing US capacity to simultaneously manage a Taiwan contingency alongside active Middle East and Caribbean operations. H-6K inclusion is a direct nuclear signaling component.","Nuclear-capable H-6K bombs + conventional PGMs + ship-borne weapons","103 aircraft over 24 hours","Various","N/A — air power demonstration","0","0","0","0","","103","0","","","","Timing during US-Iran/Venezuela operations is deliberate signal probing US capacity for simultaneous Taiwan contingency; H-6K inclusion is direct nuclear signaling; exceeds prior record of 56 aircraft","Taiwan MND (ADIZ tracker)|https://www.mnd.gov.tw","Reuters|https://www.reuters.com; Reuters|https://www.reuters.com; Defense News|https://www.defensenews.com","CSIS|https://www.csis.org; RAND|https://www.rand.org"
"gz-oct7-hamas","The Oct 7 attack exposed catastrophic failures in Israeli intelligence and border security despite decades of investment. Hamas demonstrated sophisticated multi-domain coordination — rockets, infantry, drones, tunnels — overwhelming the vaunted Gaza Division in hours. The scale of civilian casualties transformed Israeli strategic calculus from deterrence-focused to elimination-focused.","122mm Grad rockets; RPG-7; AK-47; paragliders","100+","5","0","Unknown","1200","0","Hundreds of militants","","0","0","","","","Intelligence failure in surprise attack; Hamas used civilian vehicles and drones; Israel later improved defenses","H.I. Sutton (analysis of Hamas drones)|https://www.hisutton.com; MAPA_Map (infiltration routes)|https://twitter.com/mapa_map","Reuters (Hamas assault kills 1,200 Oct7 2023)|https://www.reuters.com; AP News (hostage and casualty details)|https://apnews.com","CSIS (Middle East crisis report Oct 2023)|https://www.csis.org; IISS (Eurasia Monthly Nov 2023)|https://www.iiss.org"
"gz-jabalia-nov23","The Jabalia strike exemplified the tension between precision targeting of Hamas leadership in dense urban environments and the resulting civilian toll. Use of SDB munitions in refugee camp settings drew international condemnation and fueled debates about proportionality in urban warfare.","GBU-39 SDB precision bombs","Multiple","800","0","0","1","49","0","0","2","0","","","","Use of bunker-busting SDB in urban area; entire families reported among dead; first use of this tactic in Gaza war","Bellingcat (geolocation & damage analysis)|https://www.bellingcat.com; Maxar (before-after imagery)|https://www.maxar.com","Reuters (Nov1 2023 strike kills ~50)|https://www.reuters.com; BBC News (strike report)|https://www.bbc.com","ICRC (Gaza conflict summary Nov2023)|https://www.icrc.org; IISS (Middle East security report)|https://www.iiss.org"
"ua-kursk-incursion","Ukraine's Kursk incursion was the first significant Ukrainian ground operation inside pre-2022 Russian territory, demonstrating operational surprise capability but ultimately unsustainable without reinforcement. Russia's subsequent recapture underscored the difficulty of holding territory deep in adversary rear areas.","2S7 Pion artillery; BM-27 Uragan MLRS","Unknown","","","Unknown","Unknown","0","0","Hundreds of troops","0","0","","","","Open-source imagery tracked progress in Sudzha; Zelenskiy hailed the strike; Putin denounced it as provocation","A_Cheon (Twitter OSINT)|https://twitter.com/A_Cheon; Planet Labs (Sudzha imagery)|https://www.planet.com","Reuters (Ukraine advances into Kursk Aug14 2024 / Russia retakes Kursk Apr8 2025)|https://www.reuters.com","ISW (Ukraine campaign map Aug 2024)|https://www.understandingwar.org; IISS (Military Balance 2025)|https://www.iiss.org"
"ua-kursk-stormshadow","The Storm Shadow strike marked the first combat use of UK-supplied cruise missiles against targets inside Russia. The escalation triggered Russian nuclear posture adjustments and set a precedent for Western long-range weapons employment that shaped subsequent US policy decisions.","Storm Shadow / SCALP-EG cruise missile","12","500","Hardened bunker","0","Unknown","0","0","0","Il-76 transport (missile pods)","0","Nuclear posture raised; strategic pressure on Russia increased","","","First combat use of UK Storm Shadow in Russian territory","Two Majors (Telegram missile debris)|https://t.me/twomajors; Planet Labs (impact imagery)|https://www.planet.com","Reuters (Storm Shadow strikes Kursk Nov 21 2024)|https://www.reuters.com; Al Jazeera (analysis)|https://www.aljazeera.com","IISS (Missile Warfare 2024)|https://www.iiss.org; CSIS (Ukraine strike reports)|https://www.csis.org"
"ir-damascus-embassy","","GBU-39 SDB; Mk-84 bombs","Unknown","800","Concrete (surface)","0","7","0","0","Unknown number of special forces support","4 (F-15I fighters)","0","0 — Iranian nuclear programme unaffected","None","0","Satellite imagery confirms destruction; Reuters and Iran UN mission statements; unprecedented direct hit on Iran's embassy","Maxar (after-action satellite imagery)|https://www.maxar.com; H.I. Sutton (analysis of munitions)|https://www.hisutton.com","Reuters (Apr 2 2024)|https://www.reuters.com; BBC (Damascus strike report)|https://www.bbc.com; Times of Israel|https://www.timesofisrael.com","CSIS (Middle East security brief)|https://www.csis.org; IISS (regional conflicts report)|https://www.iiss.org"
"ir-truepromise1","","Shahed-191 suicide drones; Zelzal-3 ballistic missiles; cruise missiles","300","1200","Hardened (bunker)","Unknown","Unknown","0","0","0","Multiple launch batteries","0","0 — Israeli nuclear and economic infrastructure spared","~99% of drones/missiles intercepted (Israel claim)","Pre-set salvo for G7 time; first IRGC strike inside Israel; US intelligence and cooperation credited","Maxar (landing debris imagery); Planet Labs (launch pad imagery)","Reuters (Apr13-14 2024)|https://www.reuters.com; AP News (intercept stats)|https://apnews.com; Jerusalem Post (IDF briefing)|https://www.jpost.com","IISS (missile threat assessment Apr2024)|https://www.iiss.org; CSIS (Iran strike analysis)|https://www.csis.org","IRAN; ISRAEL; MISSILE; DRONE; CRUISE MISSILE; GROUND-TO-GROUND; CIVILIAN INJURY"
"lb-haifa-pager","","Fateh-110 guided rocket (assessed)","6 (estimated)","100","Hardened (underground facility)","0","0","0","0","0","0","0","0 — no known warship or nuclear site involved","None","0","Hezbollah claimed precision targeting of weapons factory; OSINT imagery shows blast patterns; significant psychological impact in Haifa","Planet Labs (impact site imagery)|https://www.planet.com; Oryx (munition ID)|https://www.oryxspioenkop.com","Reuters (Sep 22 2024)|https://www.reuters.com; Times of Israel (analysis)|https://www.timesofisrael.com","IISS (Lebanon conflict tracker Sep2024)|https://www.iiss.org; CSIS (Hezbollah capabilities report)|https://www.csis.org"
"il-southern-lebanon-raid","","Infantry; IDF short-range rockets","Unknown","10","Field (mobile tents)","Unknown","Unknown","0","0","0","2 IDF infantry units","2 AH-64 Apache helicopters; 4 UAVs","Hezbollah small outposts hit; multiple antennas destroyed (IDF claim)","0 — no strategic escalation to nuclear threshold","None","0","Limited ops based on pinpoint intelligence; Israel signaled readiness for larger invasion; US alerts re Lebanon conflict","Maxar (before/after imagery of border strikes)|https://www.maxar.com; @phil_azhari (OSINT analysis)|https://twitter.com/phil_azhari","Reuters (Oct1 2024)|https://www.reuters.com; Israeli MoD statement"
"ir-truepromise2","","Shahab-3 and Fateh-110 ballistic missiles","~200","1500","None","0","0","0","0","0","0","0","0 — no nuclear or energy sites struck","0","~90% interception (IAF claim)","Satellite imagery shows impacts in open fields; US intel cited for defense success; triggered White House condemnations","Maxar (impact sites in Israel)|https://www.maxar.com; Planet Labs (launch signatures)|https://www.planet.com","Reuters (Oct1 2024)|https://www.reuters.com; NYT (White House reaction)|https://www.nytimes.com","IISS (Middle East conflict timeline)|https://www.iiss.org; Brookings (analyst commentary)|https://www.brookings.edu"
"il-strikes-iran","","GBU-31/BLU-109 JDAMs; GBU-28 bunker-busters","12+ (est.)","1300","Hardened bunkers","0","0","0","0","0","Dozens of fighter jets","0","0 — avoided nuclear sites (by US request)","$50M+ facilities (ballistic missile engines)","0","New precedent of Israel striking Iranian homeland; precise targeting (Kharg island, Parchin) noted; U.S. liaison confirmed attack","Planet Labs (damage at Parchin)|https://www.planet.com; H.I. Sutton (munitions analysis)|https://www.hisutton.com","Reuters (Oct26 2024)|https://www.reuters.com; AP (report on strikes)|https://apnews.com","IISS (Iran nuclear issue report 2024)|https://www.iiss.org; CSIS (Israeli strike analysis)|https://www.csis.org"
"lb-haifa-fadi","","Fadi-1 surface-to-surface missile","4","30","None","0","0","10","0","0","0","0","0 — no significant material loss","None","0","First time Hezbollah's guided rockets penetrated Haifa; video-confirmed impact (Reuters verified); IDF tracking trojan code signals","Planet Labs (Haifa blast site)|https://www.planet.com; Oryx (missile ID)|https://www.oryxspioenkop.com","Reuters (Oct7 2024)|https://www.reuters.com; IDF press release|https://www.idf.il; Times of Israel|https://www.timesofisrael.com","IISS (MENA analysis Oct2024)|https://www.iiss.org; CSIS (missile warfare report)|https://www.csis.org"
"ss-lucas-debut","LUCAS is the US answer to the drone cost-exchange asymmetry that has favored Iran and Russia throughout the 2020s. At $35,000 per unit versus $4M+ for a Patriot PAC-3 interceptor, the US is now fielding mass-scale expendable munitions at cost parity with adversary systems. The deliberate irony of using reverse-engineered Iranian drones against Iran was intentional — a symbolic and strategic message. LUCAS's Starlink-enabled swarm coordination represents a step-change beyond the simple fixed-target Shahed, enabling dynamic targeting and autonomous cooperative strikes. The combat debut 8 months after public unveiling is a compression of the normal US acquisition timeline, signaling a new doctrine of rapid fielding under wartime conditions.","LUCAS (Low-cost Unmanned Combat Attack System) — SpektreWorks FLM-136 derivative","Undisclosed (squadron-scale)","~800 km (estimated, based on Shahed-136 baseline ~2000 km range)","Surface — fixed military installations","0","Undisclosed","0","0","~15000 (total theater)","150+ (total theater)","13 DDGs (total theater)","N/A","Part of Brent +9% spike; broader Epic Fury economic impact","0 (offensive operation)","Reverse-engineered from captured Iranian Shahed-136; MUSIC mesh network enables swarm ops; Starlink terminals for dynamic targeting; Dec 2025 ship-launch test from USS Santa Barbara (LCS)","The War Zone (TFSS creation Dec 2025); DefenseScoop (LUCAS remains ready Mar 2026)","Military Times; Fox News; Task & Purpose; Reuters; Defense Scoop","Army Recognition; EurAsian Times; CSIS"
"ss-ship-launch-test","The combination of Task Force Scorpion Strike (land-based LUCAS) and Task Force 59 (sea-based autonomous systems) indicates CENTCOM is building an integrated, multi-domain drone strike network across the region. LCS vessels, previously criticized for limited combat utility, may find a new role as LUCAS launch platforms. Ship-based LUCAS deployment would enable strikes from sea approaches not covered by ground basing — significantly complicating Iranian targeting of launch sites.","LUCAS (one-way attack drone)","1 (test)","~800 km (estimated)","N/A","0","0","0","0","N/A","N/A","LCS USS Santa Barbara (LCS-32)","N/A","N/A","N/A","Adm. Brad Cooper confirmed via CENTCOM social media; linked to broader CENTCOM drone network with Task Force 59","The War Zone; DefenseScoop","CENTCOM official release Dec 18 2025","N/A"
"il-lebanon-hezbollah-march2026","Hezbollah entered the war significantly weakened from the 2024 conflict — IDF had already eliminated 267+ operatives during the ceasefire period. Naim Qassem declined to join the June 2025 12-day war; his decision to enter in March 2026 reflects Iranian pressure post-Khamenei assassination. The IDF ground incursion follows a familiar pattern: use air strikes to suppress air defense and communications, then advance ground forces to buffer zone positions. Lebanon's government banning Hezbollah's military activities signals political fracture within Lebanon but Hezbollah dismissed it. The dual threat to Israel (Iran campaign + Lebanon front) is exactly the multi-front scenario the IDF had been planning for under Op. Roaring Lion. IDF COS Zamir confirmed: 'The IDF planned and is prepared to operate in multiple arenas simultaneously.'","F-35I Adir; F-16I Sufa; F-15I Ra'am; air-launched PGMs; JDAM; SDB; artillery","Dozens of strikes (exact number undisclosed)","N/A","Surface — urban and semi-urban; reinforced Dahiyeh infrastructure","0","Hezbollah intel chief Hussein Makled (confirmed KIA); senior Radwan Force operatives","At least 52 killed, 154 injured in Lebanese strikes (state media, Mar 2)","0","Tens of thousands of reservists being called up","Multiple IAF squadrons","N/A","N/A","N/A","N/A","Hezbollah broke Nov 2024 US-brokered ceasefire; Lebanon Army withdrew from 7+ border posts; Lebanese govt banned Hezbollah military activity (cabinet vote); Israel previously maintained 5 border posts in Lebanon citing Hezbollah non-disarmament; IDF pre-planned multi-front operation","Alma Research Center (monthly IDF Lebanon strike tracker Feb 2026); UNIFIL reports","Times of Israel; Al Jazeera; CNN; Axios; AFP; AP","Security Council Report (Mar 2026 monthly); IISS"
"il-lebanon-hzb-intel-chief","Makled's elimination degrades Hezbollah's real-time intelligence on IDF movements — critical as Israel launches its ground incursion into southern Lebanon. Targeting the intelligence chief in the opening hours of an offensive is a deliberate pattern (see: 12-Day War opening salvo eliminating 40 IRGC commanders). Katz's public designation of Qassem as a 'marked target' signals an impending leadership decapitation attempt, following the same Roaring Lion doctrine applied to Khamenei. The simultaneous pursuit of Raad (political-military figure) suggests Israel is pursuing both military and political-military Hezbollah leadership simultaneously.","Precision-guided munition (type classified)","1 (precision strike)","N/A","Urban — reinforced building, Beirut area","0","Hussein Makled (Hezbollah intelligence chief, confirmed KIA); Radwan Force operative in south Lebanon (KIA)","Civilians in vicinity (unknown — not reported separately)","0","N/A","IAF","N/A","N/A","N/A","N/A","IDF pre-identified Makled as intelligence architecture lead; strike conducted within hours of Hezbollah entering war — indicates pre-planned target list was immediately activated upon Hezbollah fire","Times of Israel (confirmed IDF statement); Al Hadath (Raad body search)","Times of Israel; IDF official statement; Axios","N/A"
"il-lebanon-prewar-strikes","The IDF's continuous ceasefire-period degradation represents a sustained attrition campaign that significantly weakened Hezbollah before it re-entered open hostilities. Eliminating 267 operatives over 15 months — including missile array commanders, Radwan Unit officers, air defense personnel, and engineering department heads — systematically degraded Hezbollah's reconstitution effort. This established the conditions for the IDF's rapid offensive campaign response when Hezbollah fired in March 2026. The pattern mirrors IDF doctrine in Gaza: maintain constant pressure even under ceasefire conditions to prevent adversary reconstitution.","Air-launched PGMs; JDAM; SDB","267+ operatives KIA across campaign; 44 strikes in Feb 2026 alone","N/A","Surface — semi-rural and Beqaa Valley","0","267+ Hezbollah operatives (cumulative, Nov 2024–Feb 2026); 20 in Feb 2026","Undisclosed civilian casualties during campaign","0","N/A","Multiple IAF squadrons (persistent)","N/A","N/A","N/A","N/A","Alma Research Center tracks confirmed eliminations via open source; IRGC officers personally briefing Hezbollah missile unit in Beqaa Valley (Times of Israel, pre-war); Hezbollah refused to disarm north of Litani throughout ceasefire; Israel held 5 border positions citing security concerns","Alma Research Center (monthly strike tracker — most comprehensive OSINT source for this campaign)","Times of Israel; AFP; AP","Security Council Report; UNIFIL reports"
"epicfury-southnavhq-bandarabbas-20260301","Naval C2 disruption: this HQ reportedly coordinates the Artesh Navy Southern Fleet and operations across multiple naval regions; attribution and exact strike package not disclosed publicly.","Unknown","","","Unknown","","","","","","","","","Reuters reported large-scale shipping risk escalation; Hormuz traffic disruptions and rerouting intensified after the opening days of strikes.","","Trump publicly claimed nine Iranian warships destroyed and naval HQ pummeled; CTP-ISW linked the HQ claim to the Southern Forward Naval HQ strike.","","Reuters|https://www.reuters.com/world/middle-east/us-is-sinking-irans-navy-trump-says-2026-03-01/","CTP-ISW Iran Updates (March 1 context)|https://www.criticalthreats.org/analysis/ctp-iran-updates"
"epicfury-konarak-navalbase-20260301","Konarak appears to have suffered severe base and pier damage with multiple vessels destroyed/damaged; specific munition types and sortie counts remain undisclosed in public reporting.","Unknown","","","Unknown","","","","","","","","","","","Satellite imagery used by multiple outlets shows widespread damage at Konarak; CTP-ISW identifies Bayandor & Naghdi as the two remaining Bayandor-class patrol frigates and describes their typical escort/patrol role and armament class (guns + anti-ship missiles).","GeoConfirmed (coordinate geotag)|https://x.com/GeoConfirmed/status/2027910169770803229","Reuters satellite gallery (Konarak BDA)|https://www.reuters.com/pictures/satellite-images-show-scope-iran-strikes-2026-03-02/S6FL4RWKZNJSHH72RPYB6UVQOQ","CTP-ISW Evening Report (Mar 1 naval section)|https://www.criticalthreats.org/analysis/iran-update-evening-special-report-march-1-2026"
"epicfury-chabahar-jamaran-sunk-20260301","High-confidence vessel loss claim from CENTCOM statement; public reporting still sparse on munition type (missile/air-delivered) and exact strike geometry.","Unknown","","","Unknown","","","","","","","","","","","CTP-ISW notes Jamaran’s prior history (incl. seizure of U.S. unmanned surface vessels in Sept 2022) and role in regional maritime pressure campaigns.","","Reuters|https://www.reuters.com/world/middle-east/us-says-it-sinks-iranian-warship-2026-03-01/","CTP-ISW Evening Report (Mar 1 naval section)|https://www.criticalthreats.org/analysis/iran-update-evening-special-report-march-1-2026"
"epicfury-tomahawk-opening-salvo-20260302","Confirms maritime-launched TLAM use as part of the strike architecture; precise aimpoints, salvo size, and BDA not publicly detailed in cited material.","Tomahawk Land Attack Missile (TLAM)","Unknown","","Unknown","","","","","","","","","","","USNI also cites CENTCOM claim that Iran’s Gulf of Oman naval presence was denied within ~48 hours (11 ships to zero); treat as claim unless independently corroborated per-vessel.","","USNI|https://news.usni.org/2026/03/02/iranian-naval-forces-are-major-target-in-operation-epic-fury-strikes","CENTCOM fact sheet (assets/target types)|https://media.defense.gov/2026/Mar/03/2003882557/-1/-1/1/OPERATION-EPIC-FURY-FACT-SHEET-260303.PDF"
"epicfury-bandarabbas-shahidbagheri-20260302","High-profile maritime target: a converted container ship configured for UAV operations; public reporting does not specify whether it was struck at pier vs anchorage or the munition used.","Unknown","","","Unknown","","","","","","","","","Contributes to broader Hormuz shipping shock and risk escalation in early war days (regional shipping paralysis and anchoring reported).","","Aviation Week cites approximate dimensions and runway length; USNI notes it was attacked at berthing in Bandar Abbas within initial hours per CENTCOM post.","","Aviation Week|https://aviationweek.com/defense/budget-policy-operations/us-struck-iranian-drone-carrier-first-hours-war|USNI|https://news.usni.org/2026/03/02/iranian-naval-forces-are-major-target-in-operation-epic-fury-strikes","CTP-ISW Iran Updates (context)|https://www.criticalthreats.org/analysis/ctp-iran-updates"
"epicfury-bandarabbas-makran-forwardbase-20260302","Makran is a key enabling asset for sustained operations (forward base / aviation support); strike suggests emphasis on degrading Iran’s ability to project and sustain maritime operations.","Unknown","","","Unknown","","","","","","","","","","","TWZ notes smoke and imagery limitations can obscure full vessel BDA; USNI emphasizes multiple fires/sunken vessels across Bandar Abbas.","","The War Zone|https://www.twz.com/news-features/irans-key-naval-base-on-strait-of-hormuz-set-ablaze-from-strikes","USNI|https://news.usni.org/2026/03/02/iranian-naval-forces-are-major-target-in-operation-epic-fury-strikes"
"epicfury-bandarabbas-kurdistan-alvand-20260302","Indicates strikes expanded from combatants to logistics/afloat-basing assets; attribution and munition specifics remain undisclosed in cited reporting.","Unknown","","","Unknown","","","","","","","","","","","ABC notes U.S. claims of sinking 11 Iranian ships in the Gulf of Oman since war began (claim); CTP-ISW additionally reports smoke plume at IRGCN 3rd Naval District in Bandar Mahshahr (separate).","","ABC News Verify|https://www.abc.net.au/news/2026-03-03/satellite-images-destruction-at-oil-refinery-iran-nuclear-base/106408822","CTP-ISW Morning Report (Mar 2 naval section)|https://www.criticalthreats.org/analysis/iran-update-morning-special-report-march-2-2026"
"epicfury-bandarmahshahr-irgc-3rdnavaldistrict-20260302","Single-source (CTP-ISW) reporting in this pull; without independent imagery confirmation here, treat as possible strike/incident pending corroboration.","Unknown","","","Unknown","","","","","","","","","","","Bandar Mahshahr is on the northern Persian Gulf littoral; CTP-ISW frames these actions as aimed at limiting retaliatory attacks on shipping and U.S. Navy vessels.","",""," ""CTP-ISW Morning Report (Mar 2 naval section)|https://www.criticalthreats.org/analysis/iran-update-morning-special-report-march-2-2026"""
"epicfury-indianocean-dena-torpedo-20260304","This is a major escalation in naval operations beyond Iranian home waters; reported high casualties and demonstrates U.S. willingness to strike Iranian naval units far from the Gulf.","Torpedo (type not specified)","1","","N/A","","80+ (reported)","","","","","","N/A","Shipping paralysis around Hormuz was reported to persist for a fifth day as this strike occurred (broader naval/economic context).","","Reuters reports: 32 rescued; 87 bodies recovered; ~60 unaccounted from ~180 crew; Sri Lankan official said vessel heading back from eastern India.","","Reuters|https://www.reuters.com/world/middle-east/us-assault-iran-ahead-schedule-says-us-middle-east-commander-2026-03-04/|AP (via WTTW)|https://news.wttw.com/2026/03/04/us-sinks-iranian-warship-bombardment-iran-intensifies",""
"epicfury-b2-missile-20260301","Confirmed U.S. use of B-2s and 2,000-lb-class munitions against missile infrastructure; specific sites, weapons variants, and bomb counts not publicly specified in the cited reporting.","2,000-lb bombs (type unspecified)","","","Hardened / underground facilities (reported)","","","","","","","","Indirect (targets were missile facilities, not nuclear sites)","","","Reuters reported B-2s dropped 2,000-lb bombs on hardened, underground missile facilities; AP reported B-2s hit ballistic missile facilities with 2,000-lb bombs.","CENTCOM Operation Epic Fury fact sheet (first 72 hours)|https://www.centcom.mil/Portals/6/Documents/Publications/260303-Fact%20Sheet.pdf","AP|https://apnews.com/article/iran-israel-us-03-01-2026-693bc30bbbc98660d81f4a13f65ca10f|Reuters|https://www.reuters.com/world/us/pentagon-tells-congress-no-sign-that-iran-was-going-attack-us-first-sources-say-2026-03-02/",""
"epicfury-tehran-airforce-missilecmd-20260301","Target categories are described by AP; independent public geolocation of exact buildings/coordinates is limited in the cited sources.","Unknown (air-delivered munitions)","","","Unknown","","","","","","","","","","","CENTCOM press release describes partner strikes against IRGC C2, air defense, missile/drone launch sites, and military airfields (broad target categories consistent with AP-described strikes).","Spectator Index (Tehran explosion report)|https://www.spectator-index.com/tweet/breaking-massive-explosion-in-tehran-as-strikes-continue-target-is-not-yet-clear-2028028283741475029","AP|https://apnews.com/article/iran-israel-us-03-01-2026-693bc30bbbc98660d81f4a13f65ca10f|CENTCOM|https://www.centcom.mil/MEDIA/PRESS-RELEASES/Press-Release-View/Article/4418396/us-forces-launch-operation-epic-fury/",""
"epicfury-tehran-gandhi-iribtower-20260301","Hospital damage is corroborated by AP photo-caption reporting and a Reuters photo description; attribution and exact aimpoint remain unclear in the cited sources.","Unknown","","","Unknown","","","","","","","","","","","Reuters photo description references a damaged state TV communications tower and destroyed building next to Gandhi Hospital; AP photo-caption notes hospital damage after a strike hit a state TV communications tower and nearby buildings.","Reuters Connect photo item|https://www.reutersconnect.com/item/aftermath-of-an-israeli-and-the-us-strike-on-gandhi-hotel-hospital-in-tehran/dGFnOnJldXRlcnMuY29tLDIwMjY6bmV3c21sX01SUFJDMkJXSkFXMjdKSg","AP live updates|https://apnews.com/live/iran-war-israel-trump-lebanon-march-04-2026|Reuters Connect|https://www.reutersconnect.com/item/aftermath-of-an-israeli-and-the-us-strike-on-gandhi-hotel-hospital-in-tehran/dGFnOnJldXRlcnMuY29tLDIwMjY6bmV3c21sX01SUFJDMkJXSkFXMjdKSg",""
"epicfury-tehran-khamenei-residence-20260301","Damage is supported by satellite imagery captions; operational details (platform/munitions) and exact sub-location not provided in cited sources.","Unknown","","","Unknown","","","","","","","","","","","AP described a coordinated mission against Iranian leadership as a 'golden opportunity'; Reuters imagery captions document destruction of a Khamenei residence complex in Tehran.","Vantor satellite imagery via Reuters (gallery caption)|https://www.reuters.com/pictures/satellite-images-show-scope-iran-strikes-2026-03-02/S6FL4RWKZNJSHH72RPYB6UVQOQ/","Reuters (satellite gallery)|https://www.reuters.com/pictures/satellite-images-show-scope-iran-strikes-2026-03-02/S6FL4RWKZNJSHH72RPYB6UVQOQ/|AP|https://apnews.com/article/iran-israel-us-03-01-2026-693bc30bbbc98660d81f4a13f65ca10f",""
"epicfury-konarak-navalbase-20260301","Satellite captions indicate significant damage; public reporting does not specify the precise ships destroyed, weapon types, or sortie counts for this specific Konarak strike.","Unknown","","","Hardened base infrastructure (unknown specifics)","","","","","","","","","","","CENTCOM fact sheet lists Iranian Navy ships/submarines among target types; AP reported U.S./Israel aimed at warships and said multiple Iranian warships were sunk.","Reuters satellite imagery (Konarak captions)|https://www.reuters.com/pictures/satellite-images-show-scope-iran-strikes-2026-03-02/S6FL4RWKZNJSHH72RPYB6UVQOQ/|Konarak base coordinates|https://wikimapia.org/23263123/Konarak-naval-base","Reuters (satellite gallery)|https://www.reuters.com/pictures/satellite-images-show-scope-iran-strikes-2026-03-02/S6FL4RWKZNJSHH72RPYB6UVQOQ/|AP|https://apnews.com/article/iran-israel-us-03-01-2026-693bc30bbbc98660d81f4a13f65ca10f|CENTCOM fact sheet|https://www.centcom.mil/Portals/6/Documents/Publications/260303-Fact%20Sheet.pdf",""
"epicfury-zahedan-radar-20260301","Destruction of a radar system suggests degradation of air defense / early warning; no public details on the strike package or follow-on effects in cited sources.","Unknown","","","Unknown","","","","","","","","","","","CENTCOM press release and fact sheet list Iranian air defense capabilities / integrated air defense systems among target types.","Reuters satellite imagery (Zahedan caption)|https://www.reuters.com/pictures/satellite-images-show-scope-iran-strikes-2026-03-02/S6FL4RWKZNJSHH72RPYB6UVQOQ/|Zahedan Airport coords|https://en.wikipedia.org/wiki/Zahedan_Airport","Reuters (satellite gallery)|https://www.reuters.com/pictures/satellite-images-show-scope-iran-strikes-2026-03-02/S6FL4RWKZNJSHH72RPYB6UVQOQ/|CENTCOM|https://www.centcom.mil/MEDIA/PRESS-RELEASES/Press-Release-View/Article/4418396/us-forces-launch-operation-epic-fury/",""
"epicfury-natanz-accesspoints-20260302","Physical damage to access infrastructure appears corroborated by commercial satellite imagery; attribution (U.S. vs Israel) is not established in the cited reporting.","Unknown","","","Underground halls; access-point structures above/at entrances","","","","","","","","Potential setback to access/recovery at Natanz: Reuters cited an assessment that entrances and the only vehicle access ramp cover were destroyed; may affect recoverable centrifuges/equipment.","","","Reuters cited the Institute for Science and International Security (David Albright) as assessing two strikes on access points; AP reported Iran’s envoy to IAEA said Natanz was targeted on Sunday; Reuters satellite captions show new building damage at Natanz on March 2.","Vantor satellite imagery via Reuters|https://www.reuters.com/world/middle-east/no-sign-irans-nuclear-sites-were-hit-iaea-says-iran-alleges-one-was-2026-03-02/|Natanz coordinates|https://en.wikipedia.org/wiki/Natanz_Nuclear_Facility","Reuters|https://www.reuters.com/world/middle-east/no-sign-irans-nuclear-sites-were-hit-iaea-says-iran-alleges-one-was-2026-03-02/|AP|https://apnews.com/article/iran-israel-us-03-02-2026-cb42936de1d8c261be8f30f11c6665fa|Reuters (satellite gallery)|https://www.reuters.com/pictures/satellite-images-show-scope-iran-strikes-2026-03-02/S6FL4RWKZNJSHH72RPYB6UVQOQ/","Institute for Science and International Security (referenced via Reuters)"
"epicfury-choqabalk-dronebase-20260302","Satellite captions indicate significant damage; public reporting does not specify which drone units were based there or the exact strike package.","Unknown","","","Unknown","","","","","","","","","","","CENTCOM press release lists 'missile and drone launch sites' among target categories for Operation Epic Fury; Reuters satellite captions document damage at the named drone base.","Choqa Balk-e Alireza coordinates|https://www.tageo.com/index-e-ir-v-13-d-m5040332.htm|Reuters satellite imagery caption|https://www.reuters.com/pictures/satellite-images-show-scope-iran-strikes-2026-03-02/S6FL4RWKZNJSHH72RPYB6UVQOQ/","Reuters (satellite gallery)|https://www.reuters.com/pictures/satellite-images-show-scope-iran-strikes-2026-03-02/S6FL4RWKZNJSHH72RPYB6UVQOQ/|CENTCOM|https://www.centcom.mil/MEDIA/PRESS-RELEASES/Press-Release-View/Article/4418396/us-forces-launch-operation-epic-fury/",""
"epicfury-bandarabbas-harbor-vessel-20260302","Physical hit on a vessel at the harbor is supported by satellite captioning; attribution and vessel identity are not provided in the cited sources.","Unknown","","","Unknown","","","","","","","","","","","Reuters satellite caption notes a vessel hit; broader reporting indicates U.S./Israel targeted Iranian naval assets during the campaign.","Bandar Abbas port coordinates|https://magicport.ai/ports/iran/bandar-abbas-port-irbnd|Reuters satellite imagery caption|https://www.reuters.com/pictures/satellite-images-show-scope-iran-strikes-2026-03-02/S6FL4RWKZNJSHH72RPYB6UVQOQ/","Reuters (satellite gallery)|https://www.reuters.com/pictures/satellite-images-show-scope-iran-strikes-2026-03-02/S6FL4RWKZNJSHH72RPYB6UVQOQ/|AP|https://apnews.com/article/iran-israel-us-03-01-2026-693bc30bbbc98660d81f4a13f65ca10f",""
"epicfury-qom-assemblyexperts-20260303","Target description is based on Iranian media reports cited by Reuters/AP; on-the-ground independent confirmation and casualty details were unclear in the cited coverage.","Unknown","","","Unknown","","","","","","","","","","","Reuters: Iranian news agencies described the Assembly of Experts building as flattened; AP-affiliate report: strikes in Qom reported, building said empty.","Qom coordinates|https://www.latlong.net/place/qom-city-qom-province-iran-31325.html","Reuters|https://www.reuters.com/world/middle-east/netanyahu-says-us-israel-war-iran-not-going-take-years-2026-03-03/|AP affiliate (AP byline)|https://www.wvtm13.com/article/us-israel-strike-tehran-war-escalates/70601181",""
"epicfury-tehran-irib-mehrabad-20260303","Reuters provides the core description; additional independent detail on damage/casualties in the cited window is limited.","Unknown","","","Unknown","","","","","","","","","","","This strike reporting aligns with broader descriptions of sustained attacks in Tehran on March 3.","Mehrabad coordinates|https://en.wikipedia.org/wiki/Mehrabad_International_Airport","Reuters|https://www.reuters.com/world/middle-east/netanyahu-says-us-israel-war-iran-not-going-take-years-2026-03-03/|AP|https://apnews.com/article/iran-israel-us-03-03-2026-8755877b603e46ed3df8107689c1ee23",""
"epicfury-tehran-minzadehei-underground-20260303","This is a claim attributed to the Israeli military in Reuters reporting; independent imagery or official corroboration is not included in the cited sources here.","Unknown","","","Underground facility (reported)","","","","","","","","Unknown (damage not independently confirmed)","","","Reuters notes the claim as part of broader Tehran strikes on March 3.","","Reuters|https://www.reuters.com/world/middle-east/netanyahu-says-us-israel-war-iran-not-going-take-years-2026-03-03/",""
"epicfury-tehran-presidential-complex-20260303","Damage is supported by commercial satellite imagery cited by AP; attribution and casualty reporting are uncertain in the cited coverage.","Unknown","","","Unknown","","","","","","","","","","","The cited AP report states Iran did not acknowledge the damage or report casualties; imagery credited to Vantor.","Vantor satellite imagery (as cited by AP)|https://apnews.com/article/iran-israel-us-03-03-2026-8755877b603e46ed3df8107689c1ee23","AP|https://apnews.com/article/iran-israel-us-03-03-2026-8755877b603e46ed3df8107689c1ee23",""
"epicfury-minab-school-20260301","Casualty figures and target description rely on Iranian official/media claims cited by AP/Reuters; independent verification is not included in the cited sources here.","Unknown","","","None","","","","","","","","","","","AP cites Iranian FM claim and imagery of graves; Reuters cites Iranian reporting and notes UN human rights office demanded an investigation.","Minab coordinates|https://en.wikipedia.org/wiki/Minab","AP|https://apnews.com/article/iran-israel-us-03-02-2026-cb42936de1d8c261be8f30f11c6665fa|Reuters|https://www.reuters.com/world/middle-east/netanyahu-says-us-israel-war-iran-not-going-take-years-2026-03-03/",""
